Player, Shots or Saves, Shots or Saves Against Opponent, Shots or Saves in March, Shots or Saves at condition, Average of Conditions
Anton Forsberg, 26.607692307692307, 44.25, 27.181818181818183, 26.349206349206348, 31.09717920967921
Josh Norris, 2.1954887218045114, 3.25, 2.111111111111111, 2.3181818181818183, 2.4686954127743603
Claude Giroux, 2.599450045829514, 2.977272727272727, 2.6826923076923075, 2.7012750455373404, 2.740172531582972
Derick Brassard, 1.9119683481701286, 2.2857142857142856, 1.8324324324324324, 2.021276595744681, 2.0128479155153816
Nick Holden, 1.186046511627907, 1.35, 1.2307692307692308, 1.2469135802469136, 1.253432330661013
Travis Hamonic, 1.7964601769911503, 1.0869565217391304, 1.8414634146341464, 1.8693467336683418, 1.648556711758192
Cam Talbot, 26.794392523364486, 30.75, 27.9875, 26.401826484018265, 27.98342975184569
Austin Watson, 1.1743697478991597, 1.3571428571428572, 1.0657894736842106, 1.1861471861471862, 1.1958623162183533
Thomas Chabot, 2.431578947368421, 2.2857142857142856, 2.1384615384615384, 2.6825396825396823, 2.3845736135209816
Mathieu Joseph, 1.1756272401433692, 1.3333333333333333, 0.8333333333333334, 1.15, 1.123073476702509
Julien Gauthier, 1.1266666666666667, 0.6, 1.121212121212121, 1.103896103896104, 0.9879437229437229
Alex DeBrincat, 2.8820861678004537, 2.764705882352941, 2.8026315789473686, 2.954337899543379, 2.8509403821610357
Jakob Chychrun, 2.3766233766233764, 2.1, 2.32, 2.2916666666666665, 2.2720725108225106
Dylan Gambrell, 0.8672566371681416, 0.8333333333333334, 1.0196078431372548, 0.8807339449541285, 0.9002329396482146
Erik Brannstrom, 1.2651933701657458, 1.3333333333333333, 1.4375, 1.3932584269662922, 1.3573212826163428
Drake Batherson, 2.2660550458715596, 3.0, 2.7857142857142856, 2.3893805309734515, 2.610287465639824
Dylan Ferguson, 26.333333333333332, 0, 39.0, 0, 16.333333333333332
Mark Kastelic, 1.0, 2.0, 0.9, 1.135135135135135, 1.2587837837837839
Parker Kelly, 1.1134020618556701, 0.6666666666666666, 1.4, 1.1153846153846154, 1.073863335976738
Brady Tkachuk, 3.68, 3.5454545454545454, 3.966666666666667, 3.702857142857143, 3.7237445887445886
Mads Sogaard, 24.75, 0, 25.875, 23.22222222222222, 18.461805555555557
Shane Pinto, 1.6777777777777778, 1.0, 2.1538461538461537, 1.8444444444444446, 1.6690170940170943
Ridly Greig, 1.3125, 0, 1.2, 2.0, 1.128125
Jake Sanderson, 1.5441176470588236, 3.0, 1.3076923076923077, 1.393939393939394, 1.8114373371726313
Artem Zub, 0.9418604651162791, 1.25, 0.8048780487804879, 0.9418604651162791, 0.9846497447532614
Craig Anderson, 27.98870056497175, 0, 28.269565217391303, 27.096866096866098, 20.838782969807287
Kyle Okposo, 2.299794661190965, 0, 2.1021505376344085, 2.36105476673428, 1.6907499913899133
Jeff Skinner, 3.183297180043384, 0, 3.3351648351648353, 3.2764578833693303, 2.4487299746443876
Zemgus Girgensons, 1.48130081300813, 0, 1.2771084337349397, 1.5533980582524272, 1.0779518262488743
Vinnie Hinostroza, 1.7083333333333333, 0, 1.9811320754716981, 1.7526881720430108, 1.3605383952120105
Eric Comrie, 26.543478260869566, 0, 30.875, 24.68421052631579, 20.52567219679634
Alex Tuch, 2.4878048780487805, 0, 2.4477611940298507, 2.4347826086956523, 1.8425871701935708
Victor Olofsson, 2.298449612403101, 0, 2.3125, 2.366412213740458, 1.7443404565358898
Jordan Greenway, 1.3900293255131966, 0, 1.2391304347826086, 1.425, 1.0135399400739513
Kale Clague, 0.8444444444444444, 0, 0.875, 0.8958333333333334, 0.6538194444444445
Tyson Jost, 1.5604938271604938, 0, 1.7435897435897436, 1.5990338164251208, 1.2257793467938396
Riley Stillman, 1.0, 0, 0.5862068965517241, 1.0135135135135136, 0.6499301025163094
Tage Thompson, 2.647457627118644, 0, 2.192982456140351, 2.8562091503267975, 1.9241623083964483
Casey Mittelstadt, 1.550561797752809, 0, 1.7017543859649122, 1.618320610687023, 1.217659198601186
Henri Jokiharju, 1.2889733840304183, 0, 1.2162162162162162, 1.303030303030303, 0.9520549758192343
Ukko-Pekka Luukkonen, 28.644444444444446, 0, 25.857142857142858, 25.72, 20.055396825396826
Jacob Bryson, 0.5602409638554217, 0, 0.6388888888888888, 0.5925925925925926, 0.44793061133422574
Mattias Samuelsson, 0.7142857142857143, 0, 0, 0.375, 0.2723214285714286
Rasmus Dahlin, 2.1333333333333333, 0, 1.935483870967742, 2.0919540229885056, 1.5401928068223951
Ilya Lyubushkin, 0.724907063197026, 0, 0.813953488372093, 0.7164179104477612, 0.56381961550422
Peyton Krebs, 0.992, 0, 1.2592592592592593, 0.921875, 0.7932835648148149
Dylan Cozens, 2.136125654450262, 0, 1.763157894736842, 2.1914893617021276, 1.522693227722308
Jack Quinn, 1.6567164179104477, 0, 1.7692307692307692, 1.9428571428571428, 1.34220108249959
Owen Power, 1.5974025974025974, 0, 1.5384615384615385, 1.7073170731707317, 1.2107953022587168
Oliver Wahlstrom, 2.049689440993789, 2.5833333333333335, 2.032258064516129, 1.9230769230769231, 2.1470894404800434
Zach Parise, 3.051809210526316, 2.6470588235294117, 2.982532751091703, 3.0618892508143323, 2.935822508990441
Cal Clutterbuck, 1.635523613963039, 1.2285714285714286, 1.6324324324324324, 1.7641129032258065, 1.5651600945481765
Semyon Varlamov, 1.5714285714285714, 1.0, 2.0, 1.4482758620689655, 1.5049261083743841
Josh Bailey, 1.5080568720379146, 1.4754098360655739, 1.625, 1.5781544256120528, 1.5466552834288854
Matt Martin, 0.6973684210526315, 0.0, 0.85, 0.7142857142857143, 0.5654135338345865
Kyle Palmieri, 2.3873626373626373, 2.5, 2.4834437086092715, 2.3011049723756907, 2.4179778295869
Casey Cizikas, 1.2238805970149254, 1.3333333333333333, 1.1884057971014492, 1.2553763440860215, 1.2502490178839323
Anders Lee, 2.5104477611940297, 2.5428571428571427, 2.4, 2.688622754491018, 2.5354819146355476
Brock Nelson, 2.2053333333333334, 2.2439024390243905, 2.18796992481203, 2.334224598930481, 2.242857574025059
Jean-Gabriel Pageau, 1.8105095541401275, 1.8333333333333333, 1.9145299145299146, 1.8927444794952681, 1.8627793203746608
Scott Mayfield, 1.361904761904762, 1.1153846153846154, 1.2727272727272727, 1.380952380952381, 1.2827422577422576
Adam Pelech, 1.3179723502304148, 1.565217391304348, 1.4186046511627908, 1.3534883720930233, 1.4138206911976443
Hudson Fasching, 1.0, 1.0, 1.3181818181818181, 1.1666666666666667, 1.1212121212121213
Bo Horvat, 2.339035769828927, 2.1333333333333333, 2.3728813559322033, 2.4049844236760123, 2.3125587206926186
Ryan Pulock, 2.130952380952381, 2.409090909090909, 2.4767441860465116, 2.1921182266009853, 2.3022264256726968
Ilya Sorokin, 27.625, 27.75, 26.434782608695652, 27.065573770491802, 27.218839094796863
Pierre Engvall, 1.7033898305084745, 1.5714285714285714, 1.619047619047619, 1.75, 1.6609665052461664
Mathew Barzal, 2.2714285714285714, 2.0416666666666665, 2.0806451612903225, 2.3649289099526065, 2.1896673273345417
Parker Wotherspoon, 0.8333333333333334, 0, 0, 1.0, 0.45833333333333337
Sebastian Aho, 2.805500982318271, 2.1904761904761907, 2.65625, 2.767716535433071, 2.604985927056883
Noah Dobson, 2.108695652173913, 1.0, 2.189189189189189, 2.358974358974359, 1.9142148000843653
Alexander Romanov, 1.3300970873786409, 1.4, 1.5135135135135136, 1.2815533980582525, 1.3812909997376017
Samuel Bolduc, 1.3333333333333333, 0, 2.0, 1.0, 1.0833333333333333
Simon Holmstrom, 0.7727272727272727, 0.0, 1.125, 1.0, 0.7244318181818181
Gustav Nyquist, 2.18, 0.0, 2.32, 2.171830985915493, 1.6679577464788733
Marc-Andre Fleury, 26.017329255861366, 27.6, 25.624309392265193, 25.92090395480226, 26.290635650732202
Alex Goligoski, 1.5245901639344261, 0.5, 1.675392670157068, 1.6233009708737864, 1.33082095124132
Ryan Reaves, 0.6695121951219513, 0.0, 0.6547619047619048, 0.6722488038277512, 0.4991307259279018
Jared Spurgeon, 1.6635071090047393, 0.8, 1.5515151515151515, 1.713953488372093, 1.432243937222996
Marcus Johansson, 0.8222222222222222, 0, 1.1666666666666667, 0.84, 0.7072222222222222
Marcus Foligno, 1.1798365122615804, 0.3333333333333333, 1.1496598639455782, 1.2520325203252032, 0.9787155574664237
Mats Zuccarello, 2.0869565217391304, 1.75, 1.9785714285714286, 2.143603133159269, 1.989782770867457
Jon Merrill, 0.8311688311688312, 0.2, 0.8584070796460177, 0.9184397163120568, 0.7020039067817264
John Klingberg, 1.9836333878887071, 1.5, 2.240740740740741, 2.036184210526316, 1.9401395847889409
Jonas Brodin, 1.2779291553133516, 1.4, 1.3172413793103448, 1.2595628415300546, 1.3136833440384377
Matt Dumba, 1.8779661016949152, 1.5, 2.0, 1.9090909090909092, 1.8217642526964561
Oskar Sundqvist, 1.2685714285714285, 1.0, 1.0724637681159421, 1.3045977011494252, 1.161408224459199
Ryan Hartman, 2.0281124497991967, 3.0, 2.1123595505617976, 2.024193548387097, 2.291166387187023
Frederick Gaudreau, 1.3492063492063493, 1.0, 1.4285714285714286, 1.2540983606557377, 1.257969034608379
Jake Middleton, 1.0466666666666666, 0.6, 1.0833333333333333, 1.0, 0.9324999999999999
Joel Eriksson Ek, 25.0, 0, 0, 0, 6.25
Kirill Kaprizov, 3.462686567164179, 3.2, 3.5833333333333335, 3.764705882352941, 3.5026814457126134
Sam Steel, 1.1875, 0.25, 1.2820512820512822, 1.2755905511811023, 0.9987854583080961
Filip Gustavsson, 27.40983606557377, 0, 25.454545454545453, 26.43243243243243, 19.824203488137915
Brandon Duhaime, 1.2601626016260163, 0.3333333333333333, 1.2380952380952381, 1.2380952380952381, 1.0174216027874565
Mason Shaw, 1.6440677966101696, 2.5, 1.7692307692307692, 1.5333333333333334, 1.861657974793568
Calen Addison, 1.2179487179487178, 1.0, 1.1428571428571428, 1.2972972972972974, 1.1645257895257894
Connor Dewar, 1.1214953271028036, 1.0, 1.0526315789473684, 1.0392156862745099, 1.0533356480811704
Matt Boldy, 2.8916666666666666, 2.3333333333333335, 2.5357142857142856, 2.59375, 2.5886160714285715
Adam Henrique, 1.8763636363636365, 1.6666666666666667, 1.7564102564102564, 1.924390243902439, 1.8059577008357497
Anthony Stolarz, 25.34567901234568, 0, 24.7, 25.28125, 18.83173225308642
Urho Vaakanainen, 1.0735294117647058, 1.0, 1.0, 1.0625, 1.0340073529411764
Jamie Drysdale, 1.5309734513274336, 1.1666666666666667, 1.4210526315789473, 1.6481481481481481, 1.441710224430299
Kevin Shattenkirk, 2.0340136054421767, 2.2195121951219514, 2.0816326530612246, 2.0044642857142856, 2.0849056848349097
Derek Grant, 1.3636363636363635, 0.95, 1.5, 1.4059405940594059, 1.3048942394239424
Jakob Silfverberg, 2.3575342465753426, 2.272727272727273, 2.5319148936170213, 2.552278820375335, 2.428613808323743
Cam Fowler, 1.6119909502262444, 1.564102564102564, 1.6024096385542168, 1.7392290249433107, 1.629433044456584
Sam Carrick, 1.2075471698113207, 1.1428571428571428, 0.9615384615384616, 1.1466666666666667, 1.114652360218398
John Gibson, 0.9583333333333334, 2.5, 0.6666666666666666, 1.0526315789473684, 1.294407894736842
Scott Harrington, 0.784, 0.4, 0.6774193548387096, 0.8346456692913385, 0.674016256032512
Ryan Strome, 1.9236311239193085, 2.411764705882353, 1.9846153846153847, 1.9540229885057472, 2.0685085507306984
Nathan Beaulieu, 1.1209503239740821, 1.3636363636363635, 1.1923076923076923, 1.0772357723577235, 1.1885325380689653
Brock McGinn, 1.5031315240083507, 1.3, 1.44, 1.575, 1.4545328810020879
Jayson Megna, 0.9849246231155779, 1.4, 1.3181818181818181, 0.9902912621359223, 1.1733494258583295
Frank Vatrano, 2.488372093023256, 2.9, 2.5, 2.5778688524590163, 2.616560236370568
Colton White, 0.875784190715182, 0.8571428571428571, 0.965034965034965, 0.7880299251870324, 0.871497984520009
Troy Terry, 1.9851851851851852, 1.8, 1.6296296296296295, 1.8778625954198473, 1.8231693525586654
Max Jones, 0.5188679245283019, 1.0, 0.7, 0.5769230769230769, 0.6989477503628447
Max Comtois, 1.4215686274509804, 1.1666666666666667, 1.4324324324324325, 1.4343434343434343, 1.3637527902233786
Isac Lundestrom, 1.0344827586206897, 0.875, 1.025, 1.121212121212121, 1.0139237199582027
Lukas Dostal, 31.0, 0, 29.75, 34.57142857142857, 23.830357142857142
Simon Benoit, 0.9453125, 0.0, 1.0434782608695652, 0.9558823529411765, 0.7361682784526854
Brett Leason, 1.0459770114942528, 0, 0.8, 1.0217391304347827, 0.7169290354822588
Trevor Zegras, 2.36046511627907, 1.6, 2.5135135135135136, 2.552941176470588, 2.256729951565793
Nikita Nesterenko, 1.1588235294117648, 1.4, 1.2413793103448276, 1.1733333333333333, 1.2433840432724814
Mason McTavish, 1.9753086419753085, 3.0, 1.5833333333333333, 2.1904761904761907, 2.187279541446208
Zack Kassian, 1.2072617246596067, 2.0714285714285716, 1.1056910569105691, 1.2029411764705882, 1.3968306323673338
Patrik Nemeth, 0.9657258064516129, 0.6, 0.9174311926605505, 1.0909090909090908, 0.8935165225053135
Travis Boyd, 0.9372693726937269, 0.8, 0.7058823529411765, 0.9925925925925926, 0.858936079556874
Brett Ritchie, 1.6161879895561357, 1.5454545454545454, 1.8488372093023255, 1.5678391959798994, 1.6445797350732265
Liam O'Brien, 0.7913043478260869, 0.75, 1.0, 0.8541666666666666, 0.8488677536231883
Josh Brown, 0.8008658008658008, 0.14285714285714285, 1.0256410256410255, 0.8, 0.6923409923409923
Laurent Dauphin, 1.2247191011235956, 2.0, 1.0, 1.4146341463414633, 1.4098383118662645
Nick Schmaltz, 1.6172248803827751, 1.3333333333333333, 1.8055555555555556, 1.648780487804878, 1.6012235642691355
Christian Fischer, 1.5372750642673523, 1.3846153846153846, 1.4545454545454546, 1.4564102564102563, 1.458211539959612
Lawson Crouse, 1.6159420289855073, 0.875, 1.7333333333333334, 1.697560975609756, 1.480459084482149
Karel Vejmelka, 29.622448979591837, 28.0, 32.86666666666667, 30.106382978723403, 30.14887465624548
Connor Ingram, 31.79310344827586, 26.333333333333332, 36.4, 33.63636363636363, 32.040700104493204
Clayton Keller, 2.508083140877598, 2.0, 2.3164556962025316, 2.6824644549763033, 2.3767508230141083
Juuso Valimaki, 1.2781456953642385, 1.0714285714285714, 1.5, 1.3582089552238805, 1.3019458055041726
Barrett Hayton, 1.658682634730539, 0.6666666666666666, 1.8275862068965518, 1.6626506024096386, 1.453896527675849
Jack McBain, 0.1111111111111111, 0, 0, 0.16666666666666666, 0.06944444444444445
Michael Kesselring, 1.1428571428571428, 0.0, 1.1428571428571428, 1.25, 0.8839285714285714
Ivan Prosvetov, 25.88888888888889, 0, 30.75, 33.333333333333336, 22.493055555555557
Victor Soderstrom, 1.048780487804878, 0.0, 1.5384615384615385, 1.1904761904761905, 0.9444295541856518
Matias Maccelli, 0.8461538461538461, 1.0, 0.6666666666666666, 0.8823529411764706, 0.8487933634992458
Connor Mackey, 0.8, 1.5, 0.7272727272727273, 0.7058823529411765, 0.933288770053476
Milos Kelemen, 0.4, 0.0, 0.25, 0.6666666666666666, 0.32916666666666666
Patric Hornqvist, 3.130965593784684, 3.5217391304347827, 3.3157894736842106, 3.0514541387024607, 3.2549870841515345
Spencer Knight, 25.45614035087719, 26.666666666666668, 25.857142857142858, 24.142857142857142, 25.530701754385966
Eric Staal, 2.971976401179941, 2.890909090909091, 3.036734693877551, 2.953800298062593, 2.963355121007294
Marc Staal, 1.0521978021978022, 1.5128205128205128, 1.015228426395939, 1.0111317254174397, 1.1478446167079235
Radko Gudas, 1.6641901931649332, 1.9230769230769231, 1.680327868852459, 1.5880597014925373, 1.7139136716467132
Sergei Bobrovsky, 26.848673946957877, 23.944444444444443, 27.448, 26.764900662251655, 26.251504763413493
Nick Cousins, 1.5155642023346303, 1.8666666666666667, 1.45, 1.4136546184738956, 1.561471371868798
Anthony Duclair, 1.8960498960498962, 1.9166666666666667, 1.75, 1.8369098712446352, 1.8499066084902995
Carter Verhaeghe, 2.3591836734693876, 1.625, 2.86046511627907, 2.125, 2.2424121974371145
Aleksander Barkov, 2.645801526717557, 2.607142857142857, 2.689655172413793, 2.4207317073170733, 2.59083281589782
Aaron Ekblad, 2.534090909090909, 1.76, 2.3551401869158877, 2.3856209150326797, 2.258713002759869
Sam Reinhart, 2.277685950413223, 2.8, 2.4271844660194173, 2.19205298013245, 2.4242308491412725
Sam Bennett, 2.1117216117216118, 2.35, 2.0348837209302326, 1.8659420289855073, 2.090636840409338
Brandon Montour, 2.107865168539326, 2.466666666666667, 2.2325581395348837, 2.144144144144144, 2.237808529721255
Colin White, 0.875784190715182, 0.9714285714285714, 0.965034965034965, 0.9646464646464646, 0.9442235479562957
Ryan Lomberg, 1.4855491329479769, 1.0, 1.4, 1.3333333333333333, 1.3047206165703276
Alex Lyon, 22.838709677419356, 20.0, 18.0, 19.0, 19.95967741935484
Matthew Tkachuk, 2.816367265469062, 3.15, 2.8974358974358974, 2.746031746031746, 2.902458727234176
Josh Mahura, 1.006578947368421, 0.0, 0.9259259259259259, 1.054054054054054, 0.7466397318371002
Givani Smith, 1.0818181818181818, 0.0, 1.6666666666666667, 1.1311475409836065, 0.9699080973671137
Casey Fitzgerald, 0.8571428571428571, 2.0, 0.6363636363636364, 0.9696969696969697, 1.1158008658008658
Eetu Luostarinen, 1.2118226600985222, 1.1428571428571428, 1.175, 1.1287128712871286, 1.1645981685606985
Anton Lundell, 1.9922480620155039, 1.6666666666666667, 1.6428571428571428, 2.1, 1.8504429678848284
Sean Monahan, 2.3054331864904554, 2.111111111111111, 2.1880341880341883, 2.142857142857143, 2.1868589071232245
Cole Caufield, 3.0569105691056913, 3.8333333333333335, 2.933333333333333, 3.1129032258064515, 3.2341201153947026
Arber Xhekaj, 1.4705882352941178, 3.0, 0, 1.52, 1.4976470588235293
Juraj Slafkovsky, 1.0769230769230769, 2.0, 0, 0.6521739130434783, 0.9322742474916388
Jake Allen, 25.19289340101523, 26.9, 26.38235294117647, 26.42079207920792, 26.224009605349906
Mike Hoffman, 1.0, 2.0, 0.0, 1.0, 1.0
Chris Wideman, 1.2816901408450705, 1.5384615384615385, 1.0392156862745099, 1.2671755725190839, 1.2816357345250506
David Savard, 1.3997271487039564, 1.875, 1.5789473684210527, 1.3553719008264462, 1.5522616044878639
Brendan Gallagher, 3.0915915915915915, 3.0588235294117645, 3.1379310344827585, 3.069277108433735, 3.089405815979962
Alex Belzile, 1.25, 0, 1.2307692307692308, 1.25, 0.9326923076923077
Joel Edmundson, 1.4230769230769231, 1.5714285714285714, 1.271604938271605, 1.4364406779661016, 1.4256377776858002
Joel Armia, 1.884526558891455, 2.0, 1.8414634146341464, 1.7685185185185186, 1.8736271230110302
Mike Matheson, 1.993421052631579, 1.9583333333333333, 2.230769230769231, 2.05, 2.0581309041835354
Chris Tierney, 1.198641765704584, 1.2222222222222223, 1.1944444444444444, 1.1580756013745706, 1.1933460084364553
Josh Anderson, 2.4594594594594597, 2.087719298245614, 2.4031007751937983, 2.423940149625935, 2.3435549206312016
Jonathan Drouin, 1.8697478991596639, 1.565217391304348, 1.5348837209302326, 1.8134920634920635, 1.695835268721577
Christian Dvorak, 1.5829383886255923, 1.7, 1.7792207792207793, 1.4811320754716981, 1.6358228108295174
Jake Evans, 0.2572944297082228, 0, 0.22772277227722773, 0.21983914209115282, 0.17621408601915084
Sam Montembeault, 26.804123711340207, 31.5, 24.153846153846153, 28.85185185185185, 27.82745542925955
Denis Gurianov, 1.966789667896679, 2.8, 2.127659574468085, 1.8270676691729324, 2.180379227884424
Rem Pitlick, 0.8888888888888888, 0.3333333333333333, 1.0, 0.9661016949152542, 0.7970809792843692
Michael Pezzetta, 1.0285714285714285, 1.0, 0.9130434782608695, 1.0392156862745099, 0.995207648276702
Nick Suzuki, 2.0425531914893615, 2.5, 2.272727272727273, 1.9642857142857142, 2.194891544625587
Johnathan Kovacevic, 1.1666666666666667, 1.0, 1.2307692307692308, 1.3513513513513513, 1.1871968121968122
Jordan Harris, 1.028169014084507, 0.5, 0.4, 0.9142857142857143, 0.7106136820925553
Jesse Ylonen, 1.1777777777777778, 0, 1.0714285714285714, 0.75, 0.7498015873015873
Rafael Harvey-Pinard, 1.606060606060606, 0, 1.9230769230769231, 1.3125, 1.2104093822843822
Kirby Dach, 1.6602870813397128, 2.3333333333333335, 1.2916666666666667, 1.696078431372549, 1.7453413781780656
Kaiden Guhle, 1.0909090909090908, 1.0, 1.2857142857142858, 1.12, 1.1241558441558441
Justin Barron, 1.2972972972972974, 0, 1.7, 1.1818181818181819, 1.0447788697788698
Jonathan Bernier, 26.336633663366335, 29.4375, 27.06578947368421, 26.65686274509804, 27.374196470537147
Brendan Smith, 1.2131147540983607, 0, 1.6666666666666667, 1.2580645161290323, 1.034461484223515
Tomas Tatar, 2.090439276485788, 2.3076923076923075, 1.9264705882352942, 2.0923482849604222, 2.104237614343453
Erik Haula, 1.7199341021416803, 2.5, 1.7226890756302522, 1.7060810810810811, 1.9121760647132535
Ondrej Palat, 1.8744394618834082, 1.7916666666666667, 1.9064748201438848, 1.8958333333333333, 1.867103570506823
Dougie Hamilton, 2.857142857142857, 3.130434782608696, 2.701388888888889, 2.8125, 2.8753666321601106
Damon Severson, 1.6206896551724137, 1.5757575757575757, 1.5126050420168067, 1.6149068322981366, 1.580989776311233
Miles Wood, 2.183206106870229, 2.5, 1.9838709677419355, 2.2615384615384615, 2.2321538840376567
Ryan Graves, 1.6802721088435375, 1.0, 1.5087719298245614, 1.7094594594594594, 1.4746258745318896
Curtis Lazar, 1.1039823008849559, 1.0, 1.146341463414634, 0.9771689497716894, 1.0568731785178198
Vitek Vanecek, 24.144, 23.11111111111111, 25.36, 24.29824561403509, 24.22833918128655
Jonas Siegenthaler, 0.9676113360323887, 0.6666666666666666, 1.0909090909090908, 1.065040650406504, 0.9475569360036625
Mackenzie Blackwood, 27.08783783783784, 28.22222222222222, 27.952380952380953, 28.72222222222222, 27.996165808665808
Timo Meier, 3.2980561555075596, 2.6666666666666665, 3.1951219512195124, 3.1914893617021276, 3.087833533773966
John Marino, 1.089795918367347, 1.0, 0.9333333333333333, 1.0083333333333333, 1.0078656462585034
Jesper Bratt, 2.057894736842105, 1.9444444444444444, 2.0952380952380953, 2.1088082901554404, 2.0515963916700213
Nathan Bastian, 1.3522012578616351, 1.4545454545454546, 1.65625, 1.5731707317073171, 1.5090418610286018
Michael McLeod, 1.0595744680851065, 0.5833333333333334, 1.0666666666666667, 1.1229508196721312, 0.9581313219393095
Nico Hischier, 2.3978494623655915, 2.588235294117647, 2.4313725490196076, 2.3155080213903743, 2.4332413317233055
Jesper Boqvist, 1.149171270718232, 1.1, 1.1290322580645162, 1.1941747572815533, 1.1430945715160754
Kevin Bahl, 0.7192982456140351, 0.6666666666666666, 0.6666666666666666, 0.8214285714285714, 0.7185150375939848
Yegor Sharangovich, 2.020304568527919, 2.0, 2.58974358974359, 1.9591836734693877, 2.142307957935224
Nolan Foote, 1.0, 1.0, 1.0, 1.25, 1.0625
Dawson Mercer, 1.9161290322580644, 1.5, 2.4642857142857144, 2.038961038961039, 1.9798439463762043
Joonas Donskoi, 1.5443037974683544, 1.84, 1.45, 1.3991596638655461, 1.5583658653334753
Andre Burakovsky, 1.6637323943661972, 1.24, 1.7325581395348837, 1.6148409893992932, 1.5627828808250934
Jordan Eberle, 2.3236559139784947, 2.2222222222222223, 2.181286549707602, 2.222698072805139, 2.2374656896783645
Justin Schultz, 1.5585585585585586, 1.3157894736842106, 1.7397260273972603, 1.5137614678899083, 1.5319588818824843
Martin Jones, 24.726651480637813, 22.807692307692307, 24.52777777777778, 25.931506849315067, 24.49840710385574
Jaden Schwartz, 2.2590909090909093, 2.0, 2.414814814814815, 2.206489675516224, 2.220098849855487
Philipp Grubauer, 24.271523178807946, 24.8, 23.596774193548388, 24.825806451612902, 24.37352595599231
Adam Larsson, 1.2272126816380449, 1.2380952380952381, 1.2340425531914894, 1.220472440944882, 1.2299557284674134
Jamie Oleksiak, 1.0968379446640317, 0.9473684210526315, 0.9680851063829787, 1.078125, 1.0226041180249106
Yanni Gourde, 1.7076923076923076, 1.5833333333333333, 1.6951219512195121, 1.5422222222222222, 1.6320924536168437
Jaycob Megna, 0.9849246231155779, 0.6666666666666666, 1.3181818181818181, 0.9791666666666666, 0.9872349436576823
Carson Soucy, 1.1908713692946058, 0.25, 1.5714285714285714, 1.1355932203389831, 1.0369732902655402
John Hayden, 1.0283400809716599, 0.9285714285714286, 1.1025641025641026, 1.1083333333333334, 1.0419522363601312
Oliver Bjorkstrand, 2.4295154185022025, 2.0, 2.6847826086956523, 2.331858407079646, 2.3615391085693753
Alex Wennberg, 1.2359550561797752, 1.5, 1.1272727272727272, 1.218241042345277, 1.270367206449445
Jared McCann, 2.1330645161290325, 1.5833333333333333, 2.2823529411764705, 2.2191235059760954, 2.054468574153733
Ryan Donato, 1.980952380952381, 2.1333333333333333, 2.4262295081967213, 1.852760736196319, 2.0983189896696883
Daniel Sprong, 2.058139534883721, 2.1666666666666665, 2.0930232558139537, 2.4047619047619047, 2.1806478405315617
Will Borgen, 1.0081967213114753, 0.3333333333333333, 1.2380952380952381, 0.8333333333333334, 0.853239656518345
Brandon Tanev, 1.4080604534005037, 1.0625, 1.0689655172413792, 1.3529411764705883, 1.2231167867781179
Cale Fleury, 0.9672131147540983, 1.25, 0, 0.8275862068965517, 0.7611998304126625
Morgan Geekie, 1.1345029239766082, 0.5, 1.125, 1.2298850574712643, 0.9973469953619682
Eeli Tolvanen, 1.8497109826589595, 1.0, 1.6046511627906976, 1.752808988764045, 1.5517927835534255
Matty Beniers, 1.8625, 0.6666666666666666, 1.75, 1.9761904761904763, 1.5638392857142858
Jesper Froden, 0.9411764705882353, 0, 0.7, 1.0, 0.6602941176470588
Keith Kinkaid, 25.366863905325445, 21.75, 25.023255813953487, 26.09278350515464, 24.558225806108393
Charles Hudon, 2.0522388059701493, 3.0, 1.625, 1.9649122807017543, 2.160537771667976
Sampo Ranta, 0.875, 0, 0, 1.2, 0.51875
Jean-Luc Foudy, 1.3333333333333333, 0, 0, 2.0, 0.8333333333333333
Ben Meyers, 0.9210526315789473, 1.0, 0.0, 0.875, 0.6990131578947368
Jack Johnson, 0.375, 0, 0, 0.5, 0.21875
Andrew Cogliano, 1.544251447477254, 1.0476190476190477, 1.5429864253393666, 1.5369127516778522, 1.4179424180283802
Darren Helm, 1.8815628815628815, 1.96, 1.9183673469387754, 1.8256658595641646, 1.8963990220164555
Erik Johnson, 2.036303630363036, 2.054054054054054, 1.9470198675496688, 1.9265658747300216, 1.9909858566741951
Lars Eller, 1.7274655355249204, 2.1176470588235294, 1.7160493827160495, 1.7226890756302522, 1.8209627631736878
Josh Manson, 1.2569721115537849, 0, 1.2926829268292683, 1.1936758893280632, 0.935832731927779
Matt Nieto, 1.4359375, 1.9411764705882353, 1.509433962264151, 1.3742331288343559, 1.5651952654216854
Brad Hunt, 1.517605633802817, 1.0666666666666667, 1.3220338983050848, 1.6293706293706294, 1.3839192070362993
Kurtis MacDermid, 0.7209302325581395, 0.5882352941176471, 0.631578947368421, 0.7980769230769231, 0.6847053492802827
Artturi Lehkonen, 2.1434599156118144, 1.9, 2.260869565217391, 2.1313559322033897, 2.1089213532581486
Nathan MacKinnon, 3.883954154727794, 4.37037037037037, 3.9210526315789473, 3.643059490084986, 3.9546091616905246
Valeri Nichushkin, 1.8970917225950783, 1.6363636363636365, 2.0786516853932584, 1.7363636363636363, 1.8371176701789023
Jonas Johansson, 0.8, 0, 1.0, 1.0, 0.7
Devon Toews, 2.0559210526315788, 2.4, 2.4307692307692306, 1.8435374149659864, 2.182556924591699
Mikko Rantanen, 2.7369519832985385, 3.227272727272727, 2.741573033707865, 2.641025641025641, 2.836705846326193
Evan Rodrigues, 2.323529411764706, 2.0, 2.2125, 2.3646408839779007, 2.225167573935652
Denis Malgin, 1.4453441295546559, 0.8333333333333334, 1.5757575757575757, 1.4793388429752066, 1.333443470405193
Samuel Girard, 1.3728395061728396, 2.15, 1.2714285714285714, 1.2462311557788945, 1.5101248083450762
Cale Makar, 2.6923076923076925, 2.909090909090909, 3.0588235294117645, 2.6324786324786325, 2.8231751908222495
Alexandar Georgiev, 27.0, 18.75, 24.558139534883722, 27.628865979381445, 24.48425137856629
Pavel Francouz, 26.958333333333332, 27.0, 26.09090909090909, 29.0, 27.262310606060606
Logan O'Connor, 1.3794871794871795, 2.0, 1.3265306122448979, 1.3404255319148937, 1.5116108309117426
Bowen Byram, 1.4268292682926829, 2.6666666666666665, 1.411764705882353, 1.4, 1.7263151602104259
Alex Newhook, 1.5067567567567568, 0.75, 1.5357142857142858, 1.4594594594594594, 1.3129826254826256
Ryan Murray, 0.9258426966292135, 1.1538461538461537, 0.8412698412698413, 0.7972350230414746, 0.9295484286966709
Evander Kane, 3.5390995260663507, 3.793103448275862, 4.0, 3.3221153846153846, 3.6635795897393995
Mattias Ekholm, 1.6306429548563612, 1.7692307692307692, 1.7777777777777777, 1.5248618784530388, 1.6756283450794867
Nick Bjugstad, 2.2298850574712645, 2.7777777777777777, 2.328125, 2.1363636363636362, 2.3680378679031695
Zach Hyman, 2.378818737270876, 2.8461538461538463, 2.3877551020408165, 2.36144578313253, 2.493543367149517
Jack Campbell, 25.702380952380953, 29.714285714285715, 26.842105263157894, 26.904255319148938, 27.290756812243373
Ryan Nugent-Hopkins, 2.382575757575758, 2.3658536585365852, 2.4782608695652173, 2.331645569620253, 2.389583963824453
Cody Ceci, 1.4757142857142858, 1.5294117647058822, 1.6136363636363635, 1.5171428571428571, 1.5339763177998471
Devin Shore, 1.1050119331742243, 1.6666666666666667, 1.0952380952380953, 1.1064814814814814, 1.243349544140117
Brett Kulak, 1.3587223587223587, 1.4285714285714286, 1.5070422535211268, 1.3383084577114428, 1.4081611246315893
Darnell Nurse, 2.3581818181818184, 2.391304347826087, 2.1372549019607843, 2.3223443223443225, 2.302271347578253
Leon Draisaitl, 2.6470588235294117, 2.15625, 2.6666666666666665, 2.6166134185303513, 2.521647227181607
Warren Foegele, 1.714705882352941, 1.5, 1.3793103448275863, 1.5919540229885059, 1.5464925625422583
Connor McDavid, 3.414285714285714, 3.5652173913043477, 3.25, 3.315412186379928, 3.3862288229924977
Derek Ryan, 1.2464358452138493, 1.0, 1.3125, 1.3020408163265307, 1.215244165385095
Vincent Desharnais, 0.2962962962962963, 0.0, 0.09090909090909091, 0.4, 0.1968013468013468
Stuart Skinner, 27.810344827586206, 15.0, 27.6, 27.285714285714285, 24.424014778325123
Kailer Yamamoto, 1.4680851063829787, 1.4285714285714286, 1.8666666666666667, 1.3716814159292035, 1.5337511543875693
Klim Kostin, 0.8936170212765957, 1.5, 0.6363636363636364, 0.926829268292683, 0.9892024814832286
Ryan McLeod, 1.161764705882353, 3.0, 1.3636363636363635, 1.0422535211267605, 1.6419136476613692
Evan Bouchard, 2.262857142857143, 2.6, 2.2962962962962963, 2.1627906976744184, 2.3304860342069644
Philip Broberg, 0.875, 0.3333333333333333, 1.3636363636363635, 1.0344827586206897, 0.9016131138975967

