Player, Shots or Saves, Shots or Saves Against Opponent, Shots or Saves in March, Shots or Saves at condition
Cam Atkinson, 2.9971428571428573, 2.8125, 2.8120805369127515, 3.1376404494382024
Ryan Ellis, 1.8886925795053005, 1.875, 1.8703703703703705, 2.0277777777777777
Sean Couturier, 2.187239944521498, 2.4285714285714284, 2.0955882352941178, 2.26027397260274
Travis Konecny, 2.3333333333333335, 2.6666666666666665, 2.2875, 2.3347280334728033
Justin Braun, 1.3005988023952095, 1.5769230769230769, 1.361963190184049, 1.3429256594724222
James van Riemsdyk, 2.6713362068965516, 2.2941176470588234, 2.65625, 2.7775330396475773
Nicolas Deslauriers, 1.0590277777777777, 1.0, 1.1603773584905661, 1.0476190476190477
Kevin Hayes, 2.135048231511254, 1.8461538461538463, 1.9152542372881356, 2.174757281553398
Nick Seeler, 0.8976744186046511, 0.6666666666666666, 0.575, 0.963302752293578
Scott Laughton, 1.5976331360946745, 1.3636363636363635, 1.631578947368421, 1.5333333333333334
Rasmus Ristolainen, 1.9165424739195231, 2.076923076923077, 2.1379310344827585, 1.9427710843373494
Travis Sanheim, 1.5371287128712872, 0.5, 1.408450704225352, 1.7044334975369457
Brendan Lemieux, 1.1634980988593155, 0.75, 1.4390243902439024, 1.1843971631205674
Felix Sandstrom, 26.894736842105264, 0, 28.333333333333332, 24.7
Ivan Provorov, 2.042307692307692, 2.0, 2.230769230769231, 2.230769230769231
Wade Allison, 1.507936507936508, 2.0, 1.6666666666666667, 1.65625
Kieffer Bellows, 1.5393258426966292, 0, 1.2352941176470589, 1.6744186046511629
Carter Hart, 26.6734693877551, 27.75, 27.97222222222222, 27.654867256637168
Tanner Laczynski, 0.8125, 0, 0.8571428571428571, 0.9411764705882353
Owen Tippett, 2.3333333333333335, 3.3333333333333335, 3.2142857142857144, 2.1666666666666665
Morgan Frost, 1.6643835616438356, 1.0, 1.4736842105263157, 1.75
Noah Cates, 1.2674418604651163, 3.0, 1.6, 1.2619047619047619
Joel Farabee, 1.8375, 0.75, 1.8372093023255813, 1.8403361344537814
Cam York, 0.8666666666666667, 0.0, 0.75, 0.9142857142857143
Tyson Foerster, 1.6666666666666667, 0, 1.6666666666666667, 2.0
Carl Hagelin, 2.0042075736325384, 1.9333333333333333, 2.2, 2.0386740331491713
John Carlson, 2.3489640130861504, 1.6666666666666667, 2.1301775147928996, 2.3333333333333335
Alex Ovechkin, 4.730597014925373, 4.090909090909091, 4.654166666666667, 4.698198198198198
T.J. Oshie, 2.0555555555555554, 1.7619047619047619, 2.1176470588235294, 2.1194029850746268
Nicklas Backstrom, 25.222760290556902, 27.75, 24.692307692307693, 23.833333333333332
Craig Smith, 2.4744958481613284, 2.5, 2.4825174825174825, 2.4095238095238094
Darcy Kuemper, 26.10662824207493, 25.0, 26.596774193548388, 25.575757575757574
Nick Jensen, 1.4516129032258065, 0.5, 1.7272727272727273, 1.375
Nic Dowd, 1.0372960372960374, 1.3333333333333333, 1.155844155844156, 0.9903381642512077
Matt Irwin, 1.5824175824175823, 2.0, 1.6979166666666667, 1.6553191489361703
Evgeny Kuznetsov, 2.18955223880597, 1.8333333333333333, 2.1557377049180326, 2.2865671641791043
Tom Wilson, 1.526865671641791, 1.7857142857142858, 1.4715447154471544, 1.5256797583081572
Zach Fucale, 15.25, 0, 0, 12.0
Anthony Mantha, 2.424096385542169, 2.4615384615384617, 2.4285714285714284, 2.4356435643564356
Conor Sheary, 1.8253358925143954, 2.6666666666666665, 1.89, 1.881679389312977
Trevor van Riemsdyk, 1.22011385199241, 1.3333333333333333, 1.4166666666666667, 1.2720306513409962
Sonny Milano, 1.2992125984251968, 1.1666666666666667, 1.3333333333333333, 1.3206106870229009
Dylan Strome, 1.7587209302325582, 1.6666666666666667, 1.9821428571428572, 1.876543209876543
Gabriel Carlsson, 0.7407407407407407, 1.6, 0.52, 0.5869565217391305
Charlie Lindgren, 26.086206896551722, 29.333333333333332, 29.88888888888889, 25.714285714285715
Martin Fehervary, 1.267605633802817, 1.0, 1.35, 1.323943661971831
Alexander Alexeyev, 1.0, 0, 1.6, 0.7777777777777778
Rasmus Sandin, 0.9865771812080537, 2.0, 1.125, 1.0886075949367089
Aliaksei Protas, 1.2962962962962963, 1.3333333333333333, 3.2, 1.425
Nick Foligno, 1.7853839037927846, 0, 1.712707182320442, 1.8786764705882353
Taylor Hall, 1.2926829268292683, 0, 0.0, 1.411764705882353
Anton Stralman, 1.404051172707889, 0, 1.4037267080745341, 1.464968152866242
Patrice Bergeron, 3.0746500777604977, 0, 3.0, 3.2037037037037037
David Krejci, 1.7923976608187135, 0, 1.86, 1.8313953488372092
Brad Marchand, 0.574468085106383, 0, 0.5, 0.5185185185185185
Dmitry Orlov, 1.3767908309455588, 0, 1.282442748091603, 1.4215116279069768
Charlie Coyle, 1.7503234152652005, 0, 1.7448275862068965, 1.7408376963350785
Derek Forbort, 0.9934924078091106, 0, 0.8536585365853658, 1.0044247787610618
Hampus Lindholm, 1.731818181818182, 0, 1.5327102803738317, 1.7757575757575759
Matt Grzelcyk, 1.5471698113207548, 0, 1.576271186440678, 1.5519125683060109
Linus Ullmark, 27.233830845771145, 0, 25.321428571428573, 26.298076923076923
Connor Clifton, 1.1402714932126696, 0, 1.3255813953488371, 1.1441441441441442
Tyler Bertuzzi, 2.0031847133757963, 0, 2.272727272727273, 1.93125
Garnet Hathaway, 1.1842696629213483, 0, 1.0595238095238095, 1.1369863013698631
Tomas Nosek, 1.3488372093023255, 0, 1.2337662337662338, 1.396039603960396
David Pastrnak, 3.524137931034483, 0, 3.588785046728972, 3.6468531468531467
Pavel Zacha, 1.6469298245614035, 0, 1.453125, 1.641025641025641
Jakub Zboril, 0.8142857142857143, 0, 0.6428571428571429, 0.96875
A.J. Greer, 0.9795918367346939, 0, 1.3, 0.9090909090909091
Brandon Carlo, 1.3640256959314776, 0, 1.4109589041095891, 1.393162393162393
Jake DeBrusk, 2.3941018766756033, 0, 2.0943396226415096, 2.3031914893617023
Charlie McAvoy, 1.6432432432432433, 0, 1.8620689655172413, 1.7688172043010753
Trent Frederic, 1.446236559139785, 0, 1.7179487179487178, 1.4204545454545454
Jeremy Swayman, 24.234567901234566, 0, 25.23076923076923, 22.135135135135137
Jakub Lauko, 0.75, 0, 0.8, 1.2
Max Pacioretty, 3.3719298245614033, 2.9411764705882355, 3.5925925925925926, 3.534278959810875
Ondrej Kase, 2.2635658914728682, 2.625, 1.7, 2.302325581395349
Andrei Svechnikov, 2.804034582132565, 2.5714285714285716, 2.5714285714285716, 2.9069767441860463
Brent Burns, 2.7598484848484848, 3.230769230769231, 2.5614754098360657, 2.8390977443609025
Paul Stastny, 2.040492957746479, 2.0, 1.9565217391304348, 2.0298245614035086
Jordan Staal, 2.027586206896552, 1.8955223880597014, 2.0165289256198347, 2.0543293718166384
Derek Stepan, 2.2650739476678043, 2.4545454545454546, 2.196078431372549, 2.3533487297921476
Calvin de Haan, 1.3734729493891797, 1.1304347826086956, 1.2365591397849462, 1.4482758620689655
Jesper Fast, 1.0243111831442464, 0.5714285714285714, 0.9351851851851852, 1.0885245901639344
Frederik Andersen, 26.891949152542374, 25.75, 25.08974358974359, 26.90573770491803
Stefan Noesen, 1.6373626373626373, 1.8, 1.736842105263158, 1.7173913043478262
Brady Skjei, 1.9244186046511629, 2.4285714285714284, 1.989010989010989, 1.976923076923077
Teuvo Teravainen, 2.2034188034188036, 2.4814814814814814, 2.240740740740741, 2.410958904109589
Shayne Gostisbehere, 2.276190476190476, 2.4285714285714284, 2.5, 2.2653846153846153
Jordan Martinook, 1.4725274725274726, 1.7777777777777777, 1.3366336633663367, 1.5488721804511278
Jaccob Slavin, 1.7600700525394046, 1.2307692307692308, 1.75, 1.7366548042704626
Antti Raanta, 24.775100401606426, 24.0, 26.75, 25.475806451612904
Brett Pesce, 1.5477941176470589, 1.5769230769230769, 1.5816326530612246, 1.6557971014492754
Sebastian Aho, 2.8086785009861934, 2.782608695652174, 2.6702127659574466, 2.7738095238095237
Jalen Chatfield, 1.1919191919191918, 0.6666666666666666, 1.6, 1.0638297872340425
Jesse Puljujarvi, 1.8854489164086687, 2.6, 2.0454545454545454, 1.9254658385093169
Dylan Coghlan, 1.6, 3.0, 1.8148148148148149, 1.5
Martin Necas, 2.1213235294117645, 2.4545454545454546, 2.2444444444444445, 2.1492537313432836
Jesperi Kotkaniemi, 1.4934640522875817, 1.6666666666666667, 1.5714285714285714, 1.4125
Jack Drury, 1.7037037037037037, 3.0, 2.0, 2.0
Pyotr Kochetkov, 22.68, 28.5, 19.333333333333332, 22.666666666666668
Seth Jarvis, 1.9416058394160585, 3.2857142857142856, 1.7391304347826086, 1.9264705882352942
Anton Forsberg, 26.607692307692307, 22.75, 27.181818181818183, 26.349206349206348
Josh Norris, 2.1954887218045114, 1.6666666666666667, 2.111111111111111, 2.3181818181818183
Claude Giroux, 2.5996326905417813, 2.761904761904762, 2.6844660194174756, 2.7025547445255476
Derick Brassard, 1.9137760158572845, 2.0384615384615383, 1.8415300546448088, 2.0213178294573644
Nick Holden, 1.184782608695652, 1.6666666666666667, 1.2233009708737863, 1.2469135802469136
Travis Hamonic, 1.7946768060836502, 1.5416666666666667, 1.8333333333333333, 1.8690176322418135
Cam Talbot, 26.794392523364486, 23.2, 27.9875, 26.401826484018265
Austin Watson, 1.1729957805907174, 1.1818181818181819, 1.054054054054054, 1.182608695652174
Thomas Chabot, 2.439153439153439, 2.1875, 2.1746031746031744, 2.6914893617021276
Mathieu Joseph, 1.1756272401433692, 1.0, 0.8333333333333334, 1.15
Julien Gauthier, 1.1342281879194631, 1.3333333333333333, 1.15625, 1.103896103896104
Alex DeBrincat, 2.876993166287016, 2.4705882352941178, 2.77027027027027, 2.944954128440367
Jakob Chychrun, 2.3802083333333335, 1.4444444444444444, 2.3378378378378377, 2.298429319371728
Dylan Gambrell, 0.8616071428571429, 0.2857142857142857, 1.0, 0.8796296296296297
Erik Brannstrom, 1.2737430167597765, 0.75, 1.5, 1.3977272727272727
Drake Batherson, 2.2546296296296298, 2.0, 2.730769230769231, 2.375
Dylan Ferguson, 24.5, 0, 48.0, 0
Brady Tkachuk, 3.6724137931034484, 3.090909090909091, 3.9310344827586206, 3.6839080459770117
Mads Sogaard, 24.6, 0, 25.714285714285715, 22.75
Jake Sanderson, 1.5606060606060606, 1.0, 1.3636363636363635, 1.4375
Artem Zub, 0.9529411764705882, 0.5, 0.8461538461538461, 0.9529411764705882
Patric Hornqvist, 3.130965593784684, 2.8095238095238093, 3.3157894736842106, 3.209251101321586
Spencer Knight, 25.45614035087719, 19.5, 25.857142857142858, 27.545454545454547
Eric Staal, 2.9741506646971936, 3.1964285714285716, 3.049382716049383, 2.994143484626647
Marc Staal, 1.0532110091743119, 1.146341463414634, 1.0205128205128204, 1.0943738656987296
Radko Gudas, 1.6646795827123695, 2.3461538461538463, 1.6833333333333333, 1.7410714285714286
Sergei Bobrovsky, 26.84037558685446, 26.2, 27.414634146341463, 26.9080118694362
Nick Cousins, 1.51953125, 1.1666666666666667, 1.469387755102041, 1.6197718631178708
Anthony Duclair, 1.8914405010438413, 1.85, 1.7195121951219512, 1.943089430894309
Carter Verhaeghe, 2.345679012345679, 2.4, 2.8048780487804876, 2.591304347826087
Aleksander Barkov, 2.6462480857580397, 2.1379310344827585, 2.692982456140351, 2.873846153846154
Aaron Ekblad, 2.535830618892508, 2.130434782608696, 2.361904761904762, 2.685064935064935
Sam Reinhart, 2.2786069651741294, 1.9230769230769231, 2.4356435643564356, 2.3654485049833887
Sam Bennett, 2.10989010989011, 1.5714285714285714, 2.0232558139534884, 2.359259259259259
Brandon Montour, 2.1015801354401806, 2.4, 2.2023809523809526, 2.0588235294117645
Colin White, 0.875784190715182, 1.027027027027027, 0.965034965034965, 0.7880299251870324
Ryan Lomberg, 1.4736842105263157, 0.75, 1.3043478260869565, 1.619047619047619
Alex Lyon, 22.838709677419356, 0, 18.0, 27.5
Matthew Tkachuk, 2.811623246492986, 2.45, 2.8684210526315788, 2.8785425101214575
Josh Mahura, 1.0133333333333334, 1.0, 0.96, 0.9736842105263158
Givani Smith, 1.1018518518518519, 0.3333333333333333, 2.142857142857143, 1.0638297872340425
Casey Fitzgerald, 0.8571428571428571, 1.0, 0.6363636363636364, 0.7333333333333333
Eetu Luostarinen, 1.199004975124378, 0.75, 1.105263157894737, 1.27
Anton Lundell, 2.015748031496063, 2.3333333333333335, 1.8333333333333333, 1.9402985074626866
Michael Rasmussen, 1.4789915966386555, 2.25, 1.3243243243243243, 1.5206611570247934
David Perron, 2.1418983700862895, 2.272727272727273, 2.090909090909091, 2.154580152671756
Alex Chiasson, 1.4234375, 1.434782608695652, 1.3781512605042017, 1.3974763406940063
Ben Chiarot, 1.408273381294964, 1.1875, 1.3580246913580247, 1.4336917562724014
Magnus Hellberg, 20.15, 11.5, 22.25, 12.142857142857142
Olli Maatta, 1.3066666666666666, 1.380952380952381, 1.2650602409638554, 1.3774193548387097
Dominik Kubalik, 2.321033210332103, 1.2222222222222223, 2.0, 2.3257575757575757
Andrew Copp, 1.5009041591320071, 1.3636363636363635, 1.3333333333333333, 1.5857142857142856
Adam Erne, 1.2427745664739884, 1.75, 1.337837837837838, 1.3114754098360655
Robert Hagg, 1.0333333333333334, 0.42857142857142855, 0.8909090909090909, 1.1272727272727272
Jordan Oesterle, 1.252199413489736, 0.9, 1.2307692307692308, 1.2352941176470589
Dylan Larkin, 2.966841186736475, 2.9166666666666665, 3.0210526315789474, 2.9594594594594597
Robby Fabbri, 1.7424242424242424, 2.5, 1.825, 1.7796610169491525
Jake Walman, 1.9921259842519685, 3.0, 2.1481481481481484, 2.189655172413793
Ville Husso, 26.63888888888889, 0, 25.5, 26.661016949152543
Austin Czarnik, 1.10625, 1.2, 0.76, 1.2
Matt Luff, 1.263157894736842, 1.4285714285714286, 1.5, 1.1304347826086956
Gustav Lindstrom, 0.6229508196721312, 0.5, 0.375, 0.6190476190476191
Pius Suter, 1.7892156862745099, 1.3333333333333333, 1.5526315789473684, 1.9
Joe Veleno, 1.0928571428571427, 1.3333333333333333, 1.125, 1.0454545454545454
Filip Zadina, 2.0105820105820107, 2.0, 2.2325581395348837, 1.9898989898989898
Moritz Seider, 2.013157894736842, 1.0, 2.2916666666666665, 2.1578947368421053
Lucas Raymond, 2.0625, 1.0, 2.375, 2.287671232876712
Simon Edvinsson, 0.5, 0, 0.5, 0.5
Mark Borowiecki, 0.8013100436681223, 0.0, 0.7538461538461538, 0.8686440677966102
Filip Forsberg, 3.0162337662337664, 3.0, 2.769230769230769, 3.1548387096774193
Ryan McDonagh, 1.5802615933412605, 1.3333333333333333, 1.725, 1.5144230769230769
Roman Josi, 2.928657799274486, 2.75, 2.8661971830985915, 2.9453681710213777
Matt Duchene, 2.458376156217883, 2.75, 2.4319526627218937, 2.612576064908722
Tyson Barrie, 2.2026490066225164, 2.3333333333333335, 2.2720588235294117, 2.3079019073569484
Ryan Johansen, 1.8978622327790975, 1.75, 1.7019867549668874, 1.8865248226950355
Mark Jankowski, 1.103559870550162, 0.0, 1.1964285714285714, 1.1232876712328768
Colton Sissons, 1.1030534351145038, 0.75, 1.209090909090909, 1.0681818181818181
Juuse Saros, 27.97826086956522, 21.0, 28.354166666666668, 27.48201438848921
Jeremy Lauzon, 1.107843137254902, 1.0, 1.2, 1.0505050505050506
Yakov Trenin, 1.6142857142857143, 1.25, 1.7857142857142858, 1.4574468085106382
Alexandre Carrier, 1.2430555555555556, 0.0, 1.6071428571428572, 1.1594202898550725
Rasmus Asplund, 1.409356725146199, 2.0, 1.0, 1.4285714285714286
Dante Fabbro, 1.3666666666666667, 1.0, 1.1951219512195121, 1.5564516129032258
Cal Foote, 0.921875, 1.0, 1.0625, 0.8793103448275862
Cody Glass, 1.4586466165413534, 1.0, 1.6956521739130435, 1.5416666666666667
Kiefer Sherwood, 1.2735849056603774, 1.0, 1.75, 1.0943396226415094
Jordan Gross, 1.5454545454545454, 0.0, 0.5, 3.2
Kevin Lankinen, 28.294117647058822, 21.0, 28.31578947368421, 29.775
Philip Tomasino, 1.553191489361702, 1.6666666666666667, 1.4583333333333333, 1.6521739130434783
Egor Afanasyev, 1.3333333333333333, 0, 1.3333333333333333, 1.0
Juuso Parssinen, 1.119047619047619, 0, 0, 1.0869565217391304
Cole Smith, 1.0, 0, 0, 1.0
Luke Evangelista, 2.4545454545454546, 0, 2.5, 1.75
Michael Stone, 1.5854545454545454, 1.375, 1.684782608695652, 1.6691176470588236
Trevor Lewis, 1.7006802721088434, 2.0, 1.5921787709497206, 1.652370203160271
Milan Lucic, 1.5391229578675838, 0.8823529411764706, 1.5155555555555555, 1.5763888888888888
Mikael Backlund, 2.4120267260579062, 3.1176470588235294, 2.5297619047619047, 2.4446952595936793
Nazem Kadri, 2.6929716399506782, 2.473684210526316, 2.7083333333333335, 2.78643216080402
Chris Tanev, 0.8345021037868162, 1.0, 0.8939393939393939, 0.8816901408450705
Tyler Toffoli, 2.744121715076072, 3.2222222222222223, 2.613138686131387, 2.7694444444444444
Blake Coleman, 2.4008810572687223, 2.1666666666666665, 1.9230769230769231, 2.303964757709251
Jonathan Huberdeau, 2.2797297297297296, 1.5454545454545454, 2.4827586206896552, 2.5080213903743314
MacKenzie Weegar, 1.7188328912466844, 2.0, 1.75, 1.7692307692307692
Elias Lindholm, 2.1718963165075036, 2.1333333333333333, 1.9565217391304348, 2.254794520547945
Nikita Zadorov, 1.1813285457809695, 1.4545454545454546, 1.3604651162790697, 1.1595744680851063
Nick Ritchie, 1.7182203389830508, 1.4705882352941178, 1.8068181818181819, 1.6754385964912282
Andrew Mangiapane, 1.858433734939759, 2.090909090909091, 1.5737704918032787, 1.812121212121212
Noah Hanifin, 1.8265306122448979, 1.7333333333333334, 1.8476190476190477, 1.8625429553264605
Rasmus Andersson, 1.7602179836512262, 1.6428571428571428, 1.6567164179104477, 1.7032967032967032
Dan Vladar, 23.48148148148148, 15.5, 24.5, 20.157894736842106
Dennis Gilbert, 0.5681818181818182, 0.5, 0.3333333333333333, 0.3333333333333333
Dillon Dube, 1.6066176470588236, 1.6, 1.8571428571428572, 1.7803030303030303
Troy Stecher, 1.3651162790697675, 1.4615384615384615, 1.4303797468354431, 1.2009803921568627
Adam Ruzicka, 1.3333333333333333, 1.0, 1.2857142857142858, 1.2647058823529411
Jakob Pelletier, 2.0, 1.0, 2.25, 2.1818181818181817
Walker Duehr, 1.5263157894736843, 1.0, 1.6666666666666667, 1.5555555555555556
Ryan Suter, 1.6639526276831977, 2.1363636363636362, 1.6600790513833992, 1.6740088105726871
Joe Pavelski, 2.8192090395480225, 2.347826086956522, 2.8558951965065504, 2.9599358974358974
Jamie Benn, 2.6692836113837095, 1.619047619047619, 2.8947368421052633, 2.8976377952755907
Evgenii Dadonov, 2.090526315789474, 1.8235294117647058, 1.8658536585365855, 2.1666666666666665
Tyler Seguin, 3.3550561797752807, 3.0, 3.391891891891892, 3.544018058690745
Scott Wedgewood, 27.978947368421053, 27.666666666666668, 33.666666666666664, 26.782608695652176
Jani Hakanpää, 0.9342723004694836, 0.6666666666666666, 1.1304347826086956, 1.018348623853211
Colin Miller, 1.7373134328358208, 1.7142857142857142, 1.6, 1.8352941176470587
Luke Glendening, 1.1853448275862069, 1.65, 1.2295081967213115, 1.1152737752161384
Radek Faksa, 1.4512635379061372, 0.75, 1.6862745098039216, 1.5379061371841156
Esa Lindell, 1.573385518590998, 1.3636363636363635, 1.4545454545454546, 1.56640625
Max Domi, 2.036842105263158, 2.0714285714285716, 1.9029126213592233, 2.1578947368421053
Joel Hanley, 0.5945945945945946, 0.5, 0.6341463414634146, 0.5540540540540541
Fredrik Olofsson, 1.16, 0, 1.0, 0.9
Roope Hintz, 2.274834437086093, 2.5714285714285716, 2.418181818181818, 2.2649006622516556
Mason Marchment, 2.037974683544304, 1.0, 2.189189189189189, 1.858974358974359
Jake Oettinger, 25.31297709923664, 25.0, 25.366666666666667, 24.273972602739725
Jason Robertson, 3.150753768844221, 1.5, 3.1904761904761907, 3.35
Miro Heiskanen, 2.361516034985423, 1.8571428571428572, 2.7, 2.4508670520231215
Ty Dellandrea, 1.1020408163265305, 1.0, 1.3, 1.2941176470588236
Nils Lundkvist, 1.4939759036144578, 1.0, 0.6, 1.525
Joel Kiviranta, 1.1699346405228759, 1.3333333333333333, 1.04, 1.2205882352941178
Wyatt Johnston, 1.9859154929577465, 0.0, 2.6363636363636362, 2.1142857142857143
Oliver Ekman-Larsson, 2.203991130820399, 1.9821428571428572, 2.2933333333333334, 2.283482142857143
Tanner Pearson, 2.0338983050847457, 2.3076923076923075, 2.0, 2.0498338870431896
Tucker Poolman, 1.1717791411042944, 0.6666666666666666, 0.9230769230769231, 1.1527777777777777
Travis Dermott, 1.096774193548387, 1.2, 0.8372093023255814, 1.148936170212766
Ilya Mikheyev, 2.3072916666666665, 2.5, 2.8214285714285716, 2.276595744680851
Tyler Myers, 1.6600441501103753, 1.5357142857142858, 1.608695652173913, 1.6717724288840263
J.T. Miller, 1.9390934844192635, 1.8888888888888888, 2.053435114503817, 2.0
Phillip Di Giuseppe, 1.5981735159817352, 0.4, 1.5932203389830508, 1.6697247706422018
Kyle Burroughs, 0.927710843373494, 0.6, 0.8, 0.9210526315789473
Thatcher Demko, 28.575, 28.428571428571427, 29.658536585365855, 28.4
Dakota Joshua, 0.8899082568807339, 1.5, 0.782608695652174, 0.9411764705882353
Brock Boeser, 2.7253886010362693, 2.0, 2.413793103448276, 2.712820512820513
Ethan Bear, 1.4100418410041842, 0.75, 1.3725490196078431, 1.43801652892562
Noah Juulsen, 1.0441176470588236, 1.0, 1.08, 0.8333333333333334
Anthony Beauvillier, 1.9853556485355648, 1.6666666666666667, 2.21978021978022, 2.0860655737704916
Guillaume Brisebois, 0.8, 0.5, 0.8, 0.6666666666666666
Christian Wolanin, 1.0705882352941176, 1.25, 1.1025641025641026, 0.9
Conor Garland, 2.4419354838709677, 2.8421052631578947, 2.0833333333333335, 2.3684210526315788
Filip Hronek, 1.859016393442623, 1.1428571428571428, 1.5, 1.8235294117647058
Elias Pettersson, 2.501597444089457, 2.2857142857142856, 2.13953488372093, 2.4516129032258065
Jack Studnicka, 1.4133333333333333, 1.0, 1.0769230769230769, 1.368421052631579
Sheldon Dries, 1.3, 0.25, 1.2142857142857142, 1.603448275862069
Collin Delia, 26.979166666666668, 0, 30.333333333333332, 25.35
Quinn Hughes, 1.881918819188192, 1.6, 1.6136363636363635, 1.911764705882353
Vitali Kravtsov, 1.0517241379310345, 0, 1.2222222222222223, 0.9142857142857143
Vasily Podkolzin, 1.3275862068965518, 1.6666666666666667, 1.125, 1.396551724137931
Nils Aman, 0.7857142857142857, 1.3333333333333333, 1.0, 0.8928571428571429
Andrei Kuzmenko, 1.8405797101449275, 0.6666666666666666, 1.8, 1.9428571428571428
Adam Henrique, 1.8763636363636365, 1.6666666666666667, 1.7564102564102564, 1.924390243902439
Anthony Stolarz, 25.34567901234568, 28.0, 24.7, 25.28125
Urho Vaakanainen, 1.0735294117647058, 1.0, 1.0, 1.0625
Jamie Drysdale, 1.5309734513274336, 1.3333333333333333, 1.4210526315789473, 1.6481481481481481
Kevin Shattenkirk, 2.0352272727272727, 2.0, 2.089655172413793, 2.006726457399103
Derek Grant, 1.3677884615384615, 1.0833333333333333, 1.5277777777777777, 1.415
Jakob Silfverberg, 2.35989010989011, 2.5714285714285716, 2.5467625899280577, 2.557951482479784
Cam Fowler, 1.6088435374149659, 1.5384615384615385, 1.5853658536585367, 1.7334851936218678
Sam Carrick, 1.2075471698113207, 1.3333333333333333, 0.9615384615384616, 1.1466666666666667
John Gibson, 0.9583333333333334, 0, 0.6666666666666666, 1.0526315789473684
Scott Harrington, 0.7862903225806451, 1.0, 0.6896551724137931, 0.84
Ryan Strome, 1.9234104046242775, 2.0526315789473686, 1.984375, 1.953757225433526
Nathan Beaulieu, 1.123644251626898, 0.9090909090909091, 1.2105263157894737, 1.0819672131147542
Brock McGinn, 1.5052410901467506, 1.1818181818181819, 1.452054794520548, 1.5798319327731092
Jayson Megna, 0.98989898989899, 0.8333333333333334, 1.380952380952381, 1.0
Frank Vatrano, 2.48728813559322, 3.0, 2.49438202247191, 2.5761316872427984
Colton White, 0.875784190715182, 1.0810810810810811, 0.965034965034965, 0.7880299251870324
Troy Terry, 1.9850746268656716, 1.4444444444444444, 1.6153846153846154, 1.875968992248062
Max Jones, 0.5188679245283019, 0.0, 0.7, 0.5769230769230769
Max Comtois, 1.4236453201970443, 1.25, 1.4444444444444444, 1.4387755102040816
Isac Lundestrom, 1.0398009950248757, 1.75, 1.0526315789473684, 1.134020618556701
Lukas Dostal, 31.0625, 0, 29.666666666666668, 35.333333333333336
Simon Benoit, 0.9603174603174603, 1.0, 1.1428571428571428, 0.9848484848484849
Brett Leason, 1.0465116279069768, 2.0, 0.75, 1.0222222222222221
Trevor Zegras, 2.364705882352941, 3.4, 2.5428571428571427, 2.566265060240964
Nikita Nesterenko, 1.1588235294117648, 0.9090909090909091, 1.2413793103448276, 1.1733333333333333
Mason McTavish, 1.9746835443037976, 1.3333333333333333, 1.5, 2.2
Gustav Nyquist, 2.18, 2.423076923076923, 2.32, 2.1884057971014492
Marc-Andre Fleury, 26.01326530612245, 24.627118644067796, 25.6, 26.12249443207127
Alex Goligoski, 1.5256038647342995, 1.2580645161290323, 1.6825396825396826, 1.4261036468330135
Ryan Reaves, 0.6699266503667481, 0.47619047619047616, 0.6566265060240963, 0.6683291770573566
Jared Spurgeon, 1.666270783847981, 1.5625, 1.5644171779141105, 1.6150121065375302
Marcus Johansson, 0.8222222222222222, 0.0, 1.1666666666666667, 0.8
Marcus Foligno, 1.180327868852459, 1.0, 1.1517241379310346, 1.1071428571428572
Mats Zuccarello, 2.0885072655217964, 2.2666666666666666, 1.9855072463768115, 2.026666666666667
Jon Merrill, 0.8327137546468402, 0.65, 0.8660714285714286, 0.73828125
John Klingberg, 1.9836333878887071, 1.9285714285714286, 2.240740740740741, 1.9315960912052117
Jonas Brodin, 1.278688524590164, 0.9285714285714286, 1.3216783216783217, 1.2970027247956404
Matt Dumba, 1.879251700680272, 1.7, 2.01010101010101, 1.8424657534246576
Oskar Sundqvist, 1.2729885057471264, 1.0, 1.0895522388059702, 1.2342857142857142
Ryan Hartman, 2.028225806451613, 2.0, 2.1149425287356323, 2.040160642570281
Frederick Gaudreau, 1.348, 1.0, 1.425, 1.441860465116279
Jake Middleton, 1.054054054054054, 1.0, 1.1363636363636365, 1.1159420289855073
Joel Eriksson Ek, 25.0, 0, 0, 25.0
Kirill Kaprizov, 3.462686567164179, 3.0, 3.5833333333333335, 3.1515151515151514
Sam Steel, 1.1875, 1.3333333333333333, 1.2820512820512822, 1.1007751937984496
Filip Gustavsson, 27.5, 0, 25.8, 28.916666666666668
Brandon Duhaime, 1.256198347107438, 1.6666666666666667, 1.2105263157894737, 1.305084745762712
Mason Shaw, 1.6491228070175439, 1.0, 1.8181818181818181, 1.7857142857142858
Samuel Walker, 0.875, 0, 1.0, 0.6666666666666666
Calen Addison, 1.2207792207792207, 0.5, 1.1666666666666667, 1.146341463414634
Connor Dewar, 1.1333333333333333, 1.5, 1.1176470588235294, 1.2181818181818183
Matt Boldy, 2.864406779661017, 3.3333333333333335, 2.3846153846153846, 3.1636363636363636
Jonathan Toews, 2.5349056603773583, 2.3684210526315788, 2.554913294797688, 2.429657794676806
Reese Johnson, 0.7840909090909091, 0.0, 1.0, 0.8666666666666667
Anton Khudobin, 25.173745173745175, 27.583333333333332, 24.654545454545456, 25.763513513513512
Alex Stalock, 23.826589595375722, 33.0, 24.133333333333333, 24.902173913043477
Tyler Johnson, 2.0531107738998484, 2.0526315789473686, 1.9173553719008265, 2.103030303030303
Jarred Tinordi, 0.7027027027027027, 0.7, 0.7142857142857143, 0.6625
Petr Mrazek, 25.125, 27.133333333333333, 24.783333333333335, 25.98235294117647
Colin Blackwell, 1.2041884816753927, 0.9230769230769231, 1.25, 1.16
Connor Murphy, 1.4175824175824177, 1.5, 2.0, 1.2105263157894737
Jujhar Khaira, 1.0644171779141105, 1.25, 1.0555555555555556, 0.9815950920245399
Andreas Athanasiou, 2.1812080536912752, 2.4545454545454546, 2.118279569892473, 2.26431718061674
Buddy Robinson, 1.0862068965517242, 2.0, 1.0909090909090908, 1.0857142857142856
Jason Dickinson, 1.2406876790830945, 0.4, 1.3492063492063493, 1.197674418604651
Seth Jones, 2.1963788300835656, 3.1818181818181817, 2.0569105691056913, 2.014044943820225
Andreas Englund, 0.5540540540540541, 0.3333333333333333, 0.375, 0.5945945945945946
Anders Bjork, 0.9814814814814815, 0.6923076923076923, 1.1176470588235294, 0.8761904761904762
Caleb Jones, 1.0341463414634147, 1.0, 0.8857142857142857, 1.0194174757281553
Austin Wagner, 1.5087719298245614, 1.25, 1.32, 1.6666666666666667
Joey Anderson, 2.4594594594594597, 2.1944444444444446, 2.4031007751937983, 2.423940149625935
Boris Katchouk, 0.9714285714285714, 0.0, 1.6842105263157894, 0.9814814814814815
Taylor Raddysh, 1.5069444444444444, 1.0, 2.0434782608695654, 1.4383561643835616
Nikita Zaitsev, 1.0229885057471264, 0.6153846153846154, 1.1282051282051282, 1.0273972602739727
MacKenzie Entwistle, 0.6956521739130435, 1.0, 0.7142857142857143, 0.6363636363636364
Ian Mitchell, 0.6103896103896104, 1.0, 0.3333333333333333, 0.5714285714285714
Cole Guttman, 1.8571428571428572, 0, 1.5, 1.5555555555555556
Philipp Kurashev, 1.4052631578947368, 1.5, 1.1176470588235294, 1.2065217391304348
Lukas Reichel, 1.52, 0, 1.5, 1.25
Mike Hardman, 0.6666666666666666, 1.0, 1.25, 0.6470588235294118
Sean Monahan, 2.3054331864904554, 1.7333333333333334, 2.1880341880341883, 2.142857142857143
Jake Evans, 0.2572944297082228, 0.18120805369127516, 0.22772277227722773, 0.21983914209115282
Cole Caufield, 3.0569105691056913, 1.0, 2.933333333333333, 3.1129032258064515
Arber Xhekaj, 1.4705882352941178, 0.0, 0, 1.52
Juraj Slafkovsky, 1.0769230769230769, 0, 0, 0.6521739130434783
Jake Allen, 25.213740458015266, 24.3, 26.52238805970149, 26.46766169154229
Mike Hoffman, 1.0, 0.0, 0.0, 1.0
Chris Wideman, 1.2862190812720848, 1.1666666666666667, 1.06, 1.2769230769230768
David Savard, 1.3980848153214773, 1.0, 1.5725190839694656, 1.356353591160221
Brendan Gallagher, 3.0933734939759034, 2.735294117647059, 3.1491228070175437, 3.069486404833837
Alex Belzile, 1.263157894736842, 1.5, 1.2727272727272727, 1.263157894736842
Joel Edmundson, 1.4291845493562232, 1.1818181818181819, 1.3037974683544304, 1.4425531914893617
Joel Armia, 1.884526558891455, 2.230769230769231, 1.8414634146341464, 1.7685185185185186
Mike Matheson, 1.9845814977973568, 1.7692307692307692, 2.191011235955056, 2.036529680365297
Chris Tierney, 1.202725724020443, 1.2777777777777777, 1.2169811320754718, 1.1620689655172414
Josh Anderson, 2.4594594594594597, 2.5, 2.4031007751937983, 2.423940149625935
Jonathan Drouin, 1.8734177215189873, 2.1, 1.5476190476190477, 1.8167330677290836
Christian Dvorak, 1.5829383886255923, 1.5454545454545454, 1.7792207792207793, 1.4811320754716981
Sam Montembeault, 26.875, 29.333333333333332, 24.32, 28.85185185185185
Denis Gurianov, 1.9739776951672863, 2.6666666666666665, 2.1777777777777776, 1.8333333333333333
Rem Pitlick, 0.896551724137931, 0.75, 1.032258064516129, 0.9827586206896551
Michael Pezzetta, 1.0097087378640777, 0.6, 0.8095238095238095, 1.0
Nick Suzuki, 2.032142857142857, 1.6666666666666667, 2.2142857142857144, 1.9496402877697843
Johnathan Kovacevic, 1.1428571428571428, 1.0, 1.0909090909090908, 1.3611111111111112
Jordan Harris, 1.0285714285714285, 0.0, 0.25, 0.9142857142857143
Jesse Ylonen, 1.1136363636363635, 2.0, 0.8461538461538461, 0.75
Rafael Harvey-Pinard, 1.5161290322580645, 1.0, 1.7272727272727273, 1.2
Kirby Dach, 1.6618357487922706, 2.0, 1.2727272727272727, 1.683168316831683
Kaiden Guhle, 1.0909090909090908, 0, 1.2857142857142858, 1.12
Justin Barron, 1.2285714285714286, 2.0, 1.5, 1.1428571428571428
Jaroslav Halak, 25.831889081455806, 28.066666666666666, 25.571428571428573, 25.875862068965517
Patrick Kane, 3.324508966695132, 3.392857142857143, 3.2436548223350252, 3.1938250428816466
Chris Kreider, 2.409972299168975, 2.176470588235294, 2.114503816793893, 2.2796610169491527
Vladimir Tarasenko, 3.1686746987951806, 2.9411764705882355, 3.3363636363636364, 3.0863095238095237
Vincent Trocheck, 2.570287539936102, 2.6, 2.246031746031746, 2.545751633986928
Mika Zibanejad, 2.621693121693122, 2.375, 2.4768211920529803, 2.517426273458445
Barclay Goodrow, 1.2203742203742203, 1.25, 1.1494252873563218, 1.1638655462184875
Jacob Trouba, 2.2035928143712575, 1.1904761904761905, 1.8448275862068966, 2.1441176470588235
Jimmy Vesey, 0.6, 0, 1.0, 0.75
Tyler Motte, 1.521875, 1.25, 1.5789473684210527, 1.5324675324675325
Ben Harpur, 0.8263157894736842, 0.7777777777777778, 0.9661016949152542, 0.900990099009901
Igor Shesterkin, 27.7682119205298, 27.2, 28.0, 27.796875
Artemi Panarin, 2.557858376511226, 1.6956521739130435, 2.378640776699029, 2.394463667820069
Niko Mikkola, 0.89937106918239, 0.5, 0.7575757575757576, 0.8589743589743589
Adam Fox, 1.927007299270073, 1.6363636363636365, 1.7234042553191489, 1.8248175182481752
Ryan Lindgren, 1.0436507936507937, 0.8333333333333334, 1.236842105263158, 1.0
Filip Chytil, 1.9715189873417722, 1.5333333333333334, 1.876923076923077, 1.7926829268292683
K'Andre Miller, 1.29064039408867, 1.2857142857142858, 1.2307692307692308, 1.1919191919191918
Kaapo Kakko, 1.5614035087719298, 1.4444444444444444, 1.5483870967741935, 1.5535714285714286
Braden Schneider, 0.8495575221238938, 0.5714285714285714, 0.72, 1.1153846153846154
Alexis Lafrenière, 1.4536585365853658, 1.8571428571428572, 1.2619047619047619, 1.2323232323232323
Corey Perry, 2.6166800320769847, 2.1818181818181817, 2.630434782608696, 2.3848631239935587
Brian Elliott, 23.807050092764378, 25.0, 23.010416666666668, 24.294545454545453
Alex Killorn, 1.969811320754717, 1.8285714285714285, 1.919463087248322, 1.8790931989924433
Ian Cole, 1.0825439783491204, 1.4444444444444444, 1.0628930817610063, 1.03485254691689
Pat Maroon, 1.4770514603616134, 1.6111111111111112, 1.2255639097744362, 1.463013698630137
Steven Stamkos, 3.0704934541792546, 3.5652173913043477, 2.962162162162162, 2.869918699186992
Zach Bogosian, 1.779204107830552, 2.235294117647059, 2.1375, 1.6567164179104477
Victor Hedman, 2.127461139896373, 2.238095238095238, 2.129032258064516, 2.078723404255319
Nikita Kucherov, 2.966876971608833, 2.9310344827586206, 3.185185185185185, 2.8864353312302837
Andrei Vasilevskiy, 0.9375, 0.0, 0.0, 1.4285714285714286
Nicholas Paul, 1.7421383647798743, 2.0, 1.4482758620689655, 1.6815286624203822
Pierre-Edouard Bellemare, 1.1751152073732718, 1.3157894736842106, 1.2477064220183487, 1.0764525993883791
Haydn Fleury, 1.2821576763485478, 1.7142857142857142, 1.3409090909090908, 1.2338709677419355
Brayden Point, 2.425357873210634, 2.5555555555555554, 2.388888888888889, 2.4458333333333333
Darren Raddysh, 1.25, 0, 1.625, 0.8571428571428571
Erik Cernak, 1.6631944444444444, 2.0, 1.6545454545454545, 1.4794520547945205
Anthony Cirelli, 1.6909620991253644, 1.3636363636363635, 1.3466666666666667, 1.592814371257485
Mikhail Sergachev, 1.8032407407407407, 2.0, 1.8933333333333333, 1.855140186915888
Ross Colton, 1.9, 0.4, 1.7142857142857142, 1.9204545454545454
Brandon Hagel, 1.8564356435643565, 2.3333333333333335, 1.875, 1.702127659574468
Michael Eyssimont, 2.3, 0, 2.1, 2.130434782608696
Tanner Jeannot, 1.4727272727272727, 1.0, 1.2307692307692308, 1.358974358974359
Nick Perbix, 1.6440677966101696, 1.0, 1.6, 1.5
Jake Muzzin, 2.049780380673499, 2.75, 2.1379310344827585, 2.052023121387283
Ryan O'Reilly, 2.235294117647059, 2.6296296296296298, 2.393063583815029, 2.132
Victor Mete, 0.8866396761133604, 1.0, 0.9130434782608695, 0.7540983606557377
Nicholas Robertson, 1.6129032258064515, 0, 1.2857142857142858, 1.5
Carl Dahlstrom, 1.0, 1.0, 1.3076923076923077, 1.0
Mark Giordano, 2.0814272644098812, 2.0454545454545454, 2.258426966292135, 1.9757914338919926
Wayne Simmonds, 2.060019361084221, 2.066666666666667, 1.8793103448275863, 2.076923076923077
Luke Schenn, 1.2136659436008677, 1.2926829268292683, 1.430232558139535, 1.167728237791932
TJ Brodie, 1.1391941391941391, 0.8947368421052632, 1.2198581560283688, 1.167883211678832
John Tavares, 3.1719056974459723, 3.358974358974359, 3.023121387283237, 3.1913214990138066
Calle Jarnkrok, 1.565149136577708, 1.619047619047619, 1.518181818181818, 1.5662251655629138
Justin Holl, 0.9743589743589743, 0.75, 0.875, 1.0
Morgan Rielly, 2.173483779971791, 1.6666666666666667, 2.111111111111111, 2.1002865329512894
Matt Murray, 1.1724137931034482, 1.4545454545454546, 1.5, 1.282442748091603
Jake McCabe, 1.0365111561866125, 1.5, 1.2166666666666666, 1.0
Erik Gustafsson, 0.945054945054945, 1.0, 0.7619047619047619, 0.6190476190476191
Alexander Kerfoot, 1.3488372093023255, 1.4, 1.1690140845070423, 1.2616822429906542
William Nylander, 2.7406679764243616, 2.739130434782609, 2.727272727272727, 2.6626984126984126
Sam Lafferty, 1.3134328358208955, 1.3333333333333333, 1.2105263157894737, 1.3737373737373737
Michael Bunting, 2.0285714285714285, 1.75, 1.72, 2.097826086956522
Mitchell Marner, 2.629778672032193, 2.95, 2.746987951807229, 2.80327868852459
Ilya Samsonov, 24.208, 22.75, 24.055555555555557, 25.5625
Noel Acciari, 1.3626666666666667, 1.3571428571428572, 1.2857142857142858, 1.292929292929293
Auston Matthews, 3.921276595744681, 4.2105263157894735, 4.178082191780822, 3.8354430379746836
Zach Aston-Reese, 1.4203389830508475, 1.5, 1.2142857142857142, 1.3478260869565217
Conor Timmins, 0.873015873015873, 1.0, 0.5, 0.9142857142857143
Timothy Liljegren, 1.1603053435114503, 1.0, 1.0909090909090908, 1.234375
David Kampf, 1.2041343669250646, 1.0625, 1.1549295774647887, 1.1855670103092784
Bobby McMann, 1.0808080808080809, 0, 1.7692307692307692, 0.9629629629629629
Thomas Greiss, 25.147138964577657, 23.5, 21.746478873239436, 26.182266009852217
Robert Bortuzzo, 0.9471698113207547, 0.75, 0.9326923076923077, 0.8136200716845878
Marco Scandella, 1.329593267882188, 1.2, 1.1185185185185185, 1.2752808988764044
Brayden Schenn, 2.0390070921985815, 2.8636363636363638, 1.922077922077922, 1.9619952494061759
Nick Leddy, 1.370774263904035, 1.0857142857142856, 1.255952380952381, 1.3973799126637554
Tyler Pitlick, 1.3253333333333333, 2.0, 1.5106382978723405, 1.3135135135135134
Justin Faulk, 2.4180722891566266, 3.3636363636363638, 2.1188811188811187, 2.3325301204819278
Josh Leivo, 1.7203065134099618, 2.6, 1.641025641025641, 1.7734375
Jordan Binnington, 26.009345794392523, 24.5, 25.133333333333333, 26.926315789473684
Brandon Saad, 2.355006501950585, 2.142857142857143, 2.4184397163120566, 2.2493506493506494
Torey Krug, 2.415942028985507, 2.3333333333333335, 2.5508474576271185, 2.4052478134110786
Colton Parayko, 2.1539823008849557, 1.3636363636363635, 2.0, 2.183098591549296
Pavel Buchnevich, 2.0675990675990676, 3.0, 2.1904761904761907, 2.081730769230769
Nathan Walker, 0.9393939393939394, 2.5, 1.3888888888888888, 0.8958333333333334
Jakub Vrana, 2.1347305389221556, 2.25, 1.9864864864864864, 1.982248520710059
Kasperi Kapanen, 1.7733333333333334, 1.7647058823529411, 1.6521739130434783, 1.864864864864865
Sammy Blais, 1.0260416666666667, 0.5, 1.03125, 1.0707070707070707
Logan Brown, 0.8279569892473119, 0.5, 0.6428571428571429, 0.7906976744186046
Jordan Kyrou, 2.3958333333333335, 1.6666666666666667, 2.1538461538461537, 2.396551724137931
Robert Thomas, 1.3051948051948052, 0.8, 1.1333333333333333, 1.2972972972972974
Calle Rosen, 1.1818181818181819, 0, 0.8, 1.1944444444444444
Alexey Toropchenko, 1.2470588235294118, 1.0, 1.4761904761904763, 1.05
Joel Hofer, 27.4, 28.0, 31.0, 25.333333333333332
Jake Neighbours, 1.125, 0.0, 0.0, 1.05
Joonas Donskoi, 1.5443037974683544, 1.5333333333333334, 1.45, 1.3991596638655461
Andre Burakovsky, 1.6637323943661972, 1.4545454545454546, 1.7325581395348837, 1.6148409893992932
Jordan Eberle, 2.3254310344827585, 2.3870967741935485, 2.1893491124260356, 2.225806451612903
Justin Schultz, 1.5572289156626506, 1.3157894736842106, 1.7361111111111112, 1.5107692307692309
Martin Jones, 24.726651480637813, 24.58823529411765, 24.52777777777778, 25.931506849315067
Jaden Schwartz, 2.2583586626139818, 2.032258064516129, 2.4135338345864663, 2.2047477744807122
Philipp Grubauer, 24.308970099667775, 23.333333333333332, 23.770491803278688, 24.9025974025974
Adam Larsson, 1.2264900662251657, 1.05, 1.2302158273381294, 1.2189973614775726
Jamie Oleksiak, 1.0992063492063493, 0.8387096774193549, 0.9782608695652174, 1.0826771653543308
Yanni Gourde, 1.7041942604856513, 2.764705882352941, 1.675, 1.5336322869955157
Jaycob Megna, 0.98989898989899, 0.5, 1.380952380952381, 0.9791666666666666
Carson Soucy, 1.1966527196652719, 1.0, 1.6363636363636365, 1.146551724137931
Oliver Bjorkstrand, 2.435840707964602, 2.5625, 2.7222222222222223, 2.34375
Alex Wennberg, 1.2351046698872785, 1.5789473684210527, 1.1203703703703705, 1.2163934426229508
Jared McCann, 2.1295546558704452, 1.8333333333333333, 2.2650602409638556, 2.21285140562249
Ryan Donato, 1.980891719745223, 1.9090909090909092, 2.433333333333333, 1.8518518518518519
Daniel Sprong, 2.0546875, 1.3333333333333333, 2.073170731707317, 2.403225806451613
Will Borgen, 1.0, 1.5, 1.2105263157894737, 0.8103448275862069
Joey Daccord, 25.4375, 0, 26.5, 27.5
Brandon Tanev, 1.4075949367088607, 1.6, 1.0535714285714286, 1.3514851485148516
Cale Fleury, 0.9672131147540983, 0, 0, 0.8275862068965517
Morgan Geekie, 1.1242603550295858, 1.4444444444444444, 1.0666666666666667, 1.2117647058823529
Eeli Tolvanen, 1.8421052631578947, 0, 1.5609756097560976, 1.735632183908046
Matty Beniers, 1.858974358974359, 0.0, 1.7, 1.975
Jesper Froden, 0.9375, 0, 0.6666666666666666, 1.0
Mark Stone, 2.160958904109589, 1.9375, 2.048780487804878, 2.0211267605633805
Laurent Brossoit, 24.275229357798164, 27.333333333333332, 19.181818181818183, 24.133333333333333
Nolan Patrick, 1.4639639639639639, 1.8, 1.3846153846153846, 1.3518518518518519
Jonathan Quick, 24.514018691588785, 22.375, 23.575163398692812, 25.463276836158194
Phil Kessel, 3.0047058823529413, 2.6333333333333333, 2.957983193277311, 2.9167974882260594
Alec Martinez, 1.4369189907038513, 1.0789473684210527, 1.3653846153846154, 1.424802110817942
Alex Pietrangelo, 2.4420828905419767, 2.027027027027027, 2.6036585365853657, 2.4915254237288136
Brayden McNabb, 1.071097372488408, 0.9285714285714286, 1.1443298969072164, 1.0420711974110033
Reilly Smith, 2.1228533685601056, 1.8076923076923077, 1.9147286821705427, 2.005361930294906
William Karlsson, 1.8377483443708609, 2.3333333333333335, 1.8738738738738738, 1.8503401360544218
Chandler Stephenson, 0.25, 0.0, 0, 0.5
Teddy Blueger, 1.353846153846154, 1.0, 1.196078431372549, 1.4453125
Ben Hutton, 1.6122004357298474, 1.25, 1.643835616438356, 1.5217391304347827
Shea Theodore, 2.5762331838565022, 1.9047619047619047, 2.6666666666666665, 2.491228070175439
William Carrier, 1.5748663101604279, 1.5, 1.6744186046511629, 1.5555555555555556
Ivan Barbashev, 1.1090047393364928, 1.0, 0.9714285714285714, 1.1064814814814814
Michael Amadio, 1.1748251748251748, 1.0, 0.8666666666666667, 1.1324503311258278
Jack Eichel, 3.5481798715203428, 3.3636363636363638, 3.611764705882353, 3.5105485232067513
Keegan Kolesar, 1.053763440860215, 0.6, 0.972972972972973, 1.0337078651685394
Nicolas Roy, 1.4608294930875576, 3.0, 1.4285714285714286, 1.5092592592592593
Adin Hill, 24.26732673267327, 24.25, 28.333333333333332, 24.296296296296298
Brett Howden, 0.9405204460966543, 1.2857142857142858, 0.7708333333333334, 0.9090909090909091
Nicolas Hague, 1.5943396226415094, 1.0, 1.945945945945946, 1.5412844036697249
Logan Thompson, 27.160714285714285, 36.0, 25.4, 27.35483870967742
Zach Whitecloud, 1.1864406779661016, 0.6666666666666666, 1.065217391304348, 1.0674157303370786
Paul Cotter, 1.4067796610169492, 2.0, 1.0909090909090908, 1.1785714285714286
Pavel Dorofeyev, 1.9, 2.0, 2.6, 2.5
Nick Bonino, 1.5589307411907656, 1.5135135135135136, 1.657718120805369, 1.3765281173594133
Dmitry Kulikov, 1.1793103448275861, 0.96, 1.314102564102564, 1.111617312072893
Marcus Pettersson, 1.1246537396121883, 0.45454545454545453, 1.1304347826086956, 1.1629213483146068
Jeff Carter, 3.110751818916734, 2.9714285714285715, 3.0791666666666666, 2.9789983844911148
Evgeni Malkin, 3.279733587059943, 3.1666666666666665, 3.260355029585799, 3.160919540229885
Sidney Crosby, 3.1799660441426147, 3.1, 3.3244444444444445, 3.0524534686971236
Kris Letang, 2.6012084592145017, 2.857142857142857, 2.608433734939759, 2.482
Jeff Petry, 1.8362573099415205, 1.7307692307692308, 1.6344827586206896, 1.7972027972027973
Brian Dumoulin, 1.1779026217228465, 1.25, 1.22, 1.182509505703422
Jason Zucker, 2.310064935064935, 2.4516129032258065, 2.4457831325301207, 2.2636655948553055
Mikael Granlund, 1.8631436314363143, 1.6511627906976745, 1.5338345864661653, 1.8114754098360655
Bryan Rust, 2.310344827586207, 1.2857142857142858, 2.2650602409638556, 2.132780082987552
Taylor Fedun, 1.390625, 0.25, 1.0, 1.3428571428571427
Josh Archibald, 1.1360544217687074, 1.0, 1.0303030303030303, 1.114864864864865
Rickard Rakell, 2.5461658841940533, 2.4285714285714284, 2.6097560975609757, 2.3793103448275863
Chad Ruhwedel, 1.1776315789473684, 0.4, 1.2833333333333334, 1.1719745222929936
Jake Guentzel, 2.7755102040816326, 2.4, 2.7710843373493974, 2.743119266055046
Tristan Jarry, 26.51010101010101, 27.666666666666668, 25.333333333333332, 25.42391304347826
Mark Friedman, 1.1272727272727272, 0.0, 1.1666666666666667, 1.1724137931034482
Danton Heinen, 1.6408977556109725, 1.1428571428571428, 1.5970149253731343, 1.7688442211055277
Casey DeSmith, 26.307692307692307, 17.5, 21.82608695652174, 25.579710144927535
Alex Nylander, 1.3777777777777778, 0.75, 1.5454545454545454, 1.3636363636363635
Pierre-Olivier Joseph, 1.5542168674698795, 2.0, 2.0, 1.6590909090909092
Ryan Poehling, 1.3174603174603174, 1.5, 0.8888888888888888, 1.2878787878787878
Drew O'Connor, 1.4558823529411764, 0.0, 1.2727272727272727, 1.5
Markus Nutivaara, 1.221818181818182, 1.0, 1.2093023255813953, 1.1029411764705883
Luke Kunin, 1.7801418439716312, 2.5555555555555554, 1.8055555555555556, 1.7426470588235294
Jonah Gadjovich, 0.8607594936708861, 2.0, 1.2, 0.7948717948717948
Marc-Edouard Vlasic, 1.3030056864337936, 1.435483870967742, 1.2831050228310503, 1.3559870550161812
James Reimer, 26.761194029850746, 26.90909090909091, 26.623655913978496, 26.68979591836735
Logan Couture, 2.7467248908296944, 3.234042553191489, 2.71978021978022, 2.6971677559912854
Erik Karlsson, 2.8052805280528053, 2.1153846153846154, 3.0, 2.6857142857142855
Andrew Agozzino, 0.625, 0, 0.8571428571428571, 0.6190476190476191
Tomas Hertl, 2.286370597243492, 1.9189189189189189, 2.3783783783783785, 2.2238805970149254
Derrick Pouliot, 1.0909090909090908, 0.6666666666666666, 1.24, 1.1272727272727272
Matt Benning, 1.0758620689655172, 0.8947368421052632, 1.0675675675675675, 1.0416666666666667
Andreas Johnsson, 1.6370656370656371, 2.0, 1.5166666666666666, 1.504
Kaapo Kahkonen, 26.855670103092784, 22.0, 28.294117647058822, 28.98
Oskar Lindblom, 1.5783132530120483, 1.375, 1.5797101449275361, 1.5432098765432098
Kevin Labanc, 1.9097387173396674, 2.1, 2.0, 1.8714285714285714
Evgeny Svechnikov, 1.1144578313253013, 1.2857142857142858, 0.8863636363636364, 1.2839506172839505
Steven Lorentz, 1.160220994475138, 0.25, 1.2285714285714286, 1.1797752808988764
Noah Gregor, 2.059880239520958, 2.0, 1.8076923076923077, 2.0120481927710845
Jacob MacDonald, 0.75, 0, 0, 1.0
Mario Ferraro, 0.946058091286307, 1.125, 1.1724137931034482, 0.907563025210084
Radim Simek, 0.8492462311557789, 0.5, 1.15625, 0.7549019607843137
Fabian Zetterlund, 1.9857142857142858, 1.0, 2.0, 2.142857142857143
Jacob Peterson, 1.303030303030303, 2.0, 1.7, 1.4411764705882353
Martin Kaut, 0.9615384615384616, 1.0, 1.2, 0.8148148148148148
Nico Sturm, 1.441025641025641, 1.75, 1.4102564102564104, 1.4795918367346939
Nikolai Knyzhov, 0.8656716417910447, 0, 0.6428571428571429, 0.8181818181818182
Alexander Barabanov, 1.5506329113924051, 1.4285714285714286, 1.64, 1.6025641025641026
Cole Perfetti, 1.608695652173913, 0.6666666666666666, 0, 1.5526315789473684
Blake Wheeler, 2.57439134355275, 2.5517241379310347, 2.6220095693779903, 2.6094890510948905
Sam Gagner, 2.0295566502463056, 2.4651162790697674, 2.1088082901554404, 2.0203252032520327
Brenden Dillon, 1.0869565217391304, 1.2702702702702702, 0.9527027027027027, 1.0151898734177216
Nino Niederreiter, 1.98125, 2.130434782608696, 2.0684931506849313, 1.9728395061728394
Dylan DeMelo, 1.1363636363636365, 1.0666666666666667, 1.2, 1.0826086956521739
Adam Lowry, 1.3846153846153846, 1.0, 1.5514018691588785, 1.2418300653594772
Mark Scheifele, 2.242296918767507, 2.0476190476190474, 2.2016806722689077, 1.9887640449438202
Vladislav Namestnikov, 1.4661290322580645, 1.7647058823529411, 1.3482142857142858, 1.4412698412698413
Connor Hellebuyck, 28.048165137614678, 27.071428571428573, 28.972602739726028, 28.9746192893401
Nate Schmidt, 1.4125636672325976, 1.3888888888888888, 1.3218390804597702, 1.3655172413793104
Saku Maenalanen, 1.0, 1.3333333333333333, 0.7368421052631579, 0.9387755102040817
Nikolaj Ehlers, 2.842412451361868, 3.3333333333333335, 2.7422680412371134, 2.864864864864865
Kyle Connor, 3.0921052631578947, 3.7142857142857144, 3.026315789473684, 3.0267857142857144
Kyle Capobianco, 0.9295774647887324, 2.0, 1.3333333333333333, 1.088235294117647
Kevin Stenlund, 1.4086956521739131, 1.0, 1.5172413793103448, 1.4150943396226414
Mason Appleton, 1.3544303797468353, 1.5, 1.3409090909090908, 1.3388429752066116
Logan Stanley, 1.375, 1.3333333333333333, 1.2758620689655173, 1.0925925925925926
Pierre-Luc Dubois, 2.32, 1.3636363636363635, 2.287671232876712, 2.3302325581395347
David Rittich, 24.35672514619883, 11.333333333333334, 21.958333333333332, 26.352941176470587
Axel Jonsson-Fjallby, 1.1388888888888888, 0.6666666666666666, 1.3571428571428572, 1.0
Dylan Samberg, 0.8405797101449275, 2.5, 0.5714285714285714, 0.7352941176470589
Neal Pionk, 1.9413333333333334, 1.9, 1.705128205128205, 1.890625
Morgan Barron, 1.4673913043478262, 3.5, 1.5384615384615385, 1.125
Karson Kuhlman, 1.4236111111111112, 2.0, 1.75, 1.3164556962025316
David Gustafsson, 0.684931506849315, 0.5, 1.2857142857142858, 0.7352941176470589

