Player,ShotsorSaves,ShotsorSavesAgainstOpponent,ShotsorSavesinMarch,ShotsorSavesatHome
Jonathan Toews,2.53490566037736,2.75,2.55491329479769,2.63857677902622
Reese Johnson,0.784090909090909,0,0.697674418604651,1
Alex Stalock,24.8,23.9230769230769,22.6,23.7869822485207
Tyler Johnson,1.88888888888889,2.04885496183206,2.11111111111111,2.0030487804878
Jarred Tinordi,0.701388888888889,0.4,0.746268656716418,0.710526315789474
Petr Mrazek,24.9322033898305,25.1529051987768,21.6363636363636,24.2547770700637
Colin Blackwell,1.25274725274725,1.20418848167539,1.46153846153846,1.25
Connor Murphy,0.75,1.41758241758242,2,1.56603773584906
Jujhar Khaira,0.96,1.04968944099379,1.1358024691358,1.125
Andreas Athanasiou,1.6,2.19187358916479,2.1685393258427,2.10502283105023
Buddy Robinson,1.14285714285714,1.09259259259259,1.09090909090909,1.5
Jason Dickinson,0.888888888888889,1.2231884057971,1.27840909090909,1.25423728813559
Seth Jones,1.94736842105263,2.19747899159664,2.05882352941176,2.37396121883657
Andreas Englund,0.554054054054054,0,0.375,0.513513513513514
Anders Bjork,0.981481481481482,0.6,1.08108108108108,1.11764705882353
Caleb Jones,0.333333333333333,1.02487562189055,1.03960396039604,0.806451612903226
Austin Wagner,0.333333333333333,1.50877192982456,1.35632183908046,1.32
Joey Anderson,2.49394673123487,2.45945945945946,2.5,2.4031007751938
Boris Katchouk,0.891089108910891,1,0.94,1.33333333333333
Taylor Raddysh,1.48571428571429,2,1.54285714285714,1.33333333333333
Nikita Zaitsev,0.666666666666667,1.02552204176334,1.02325581395349,1.14864864864865
MacKenzie Entwistle,0.684684684684685,0.5,0.647058823529412,0.728813559322034
Ian Mitchell,0.635135135135135,0,0.416666666666667,0.676470588235294
Cole Guttman,1.85714285714286,2.4,'NULL',1.5
Philipp Kurashev,0,1.41935483870968,1.57731958762887,1.16666666666667
Lukas Reichel,1.52380952380952,'NULL',1.5,1.6875
Mike Hardman,0.586206896551724,0.666666666666667,'NULL',
Zach Werenski,2.61057692307692,3.22222222222222,2.67298578199052,2.32051282051282
Jake Bean,1.296,2.5,1.14492753623188,1.52
Justin Danforth,1.6078431372549,1.61538461538462,1,1.54166666666667
Michael Hutchinson,20.8148148148148,29,22.8709677419355,23.6142857142857
Erik Gudbranson,0.941176470588235,1.33900709219858,1.41142857142857,1.40909090909091
Johnny Gaudreau,2.58715596330275,2.6781954887218,2.51612903225806,2.69642857142857
Sean Kuraly,1.64778325123153,1.65957446808511,1.67156862745098,1.375
Boone Jenner,2.48522550544323,2.26666666666667,2.58841463414634,2.13888888888889
Elvis Merzlikins,27.5,27.7391304347826,27.5637583892617,27.5616438356164
Jack Roslovic,1.46091644204852,1.56914893617021,1.54545454545455,1.375
Lane Pederson,0.951612903225806,1.6,0.833333333333333,1.125
Patrik Laine,3.01724137931034,2.90371991247265,2.72727272727273,2.7625
Andrew Peeke,0.949438202247191,1.33333333333333,1.04494382022472,1
Mathieu Olivier,0.962962962962963,1,1.01851851851852,0.842105263157895
Gavin Bayreuther,0.5,1.18095238095238,0.333333333333333,1.07843137254902
Daniil Tarasov,'NULL',1,0.666666666666667,
Emil Bemstrom,1.61935483870968,1.78571428571429,1.46428571428571,1
Eric Robinson,0.972222222222222,1.44081632653061,1.83333333333333,1.38709677419355
Liam Foudy,'NULL',1.18055555555556,1.6,1.25
Adam Boqvist,1.16216216216216,1.2125,1,1.125
Kirill Marchenko,0,1.95238095238095,2,1.5
Tim Berni,0,1.04761904761905,0.736842105263158,0.75
Kent Johnson,0,1.32394366197183,1.23684210526316,1.25
Cole Sillinger,1.68840579710145,2,1.79166666666667,1.33333333333333
Nick Blankenburg,0.75,1.47222222222222,1.31578947368421,1
Brendan Gallagher,3.5,3.09653092006033,3.16814159292035,3.06948640483384
Sean Monahan,2.14285714285714,2.30543318649046,2.38888888888889,2.18803418803419
Jake Evans,0.257294429708223,'No Data',0.227722772277228,0.219839142091153
Cole Caufield,3.4,3.11290322580645,2.93333333333333,3.05691056910569
Arber Xhekaj,1.47058823529412,2,'No Data',1.52
Juraj Slafkovsky,0,1.07692307692308,0.652173913043478,'No Data'
Jake Allen,26.54,25.2474489795918,26.1111111111111,26.7424242424242
Mike Hoffman,0,1,'No Data',
Chris Wideman,0.75,1.29537366548043,1.28682170542636,1.10416666666667
David Savard,1.40302613480055,1.60629921259843,1.46666666666667,1.36211699164345
Alex Belzile,1.23529411764706,'No Data',1.14285714285714,1.1875
Joel Edmundson,1.43722943722944,1.34666666666667,1.71428571428571,1.45258620689655
Joel Armia,1.88452655889146,1.84146341463415,1.76851851851852,1.26666666666667
Mike Matheson,1.97333333333333,2.14117647058824,2.02777777777778,1.25
Chris Tierney,1.20926243567753,1.25490196078431,1.17073170731707,1.23529411764706
Josh Anderson,2.42394014962594,2.45945945945946,2.96875,2.4031007751938
Jonathan Drouin,1.87473460721868,2.05555555555556,1.81526104417671,1.54320987654321
Christian Dvorak,1.58293838862559,1.4811320754717,1.2,1.77922077922078
Anthony Richard,0.916666666666667,'No Data',1.16666666666667,1
Sam Montembeault,26.6630434782609,18.5,28.6666666666667,22.9047619047619
Denis Gurianov,1.97358490566038,2.6,2.19512195121951,1.82170542635659
Rem Pitlick,0.910714285714286,'No Data',1.11111111111111,1
Michael Pezzetta,0.764705882352941,1.01010101010101,1,
Nick Suzuki,1.94852941176471,2.03623188405797,2.75,2.26315789473684
Johnathan Kovacevic,1.14285714285714,1.15151515151515,1.42424242424242,1
Jordan Harris,0.25,1.02857142857143,2.5,0.914285714285714
Jesse Ylonen,0.9,1.14634146341463,4,0.761904761904762
Rafael Harvey-Pinard,1.66666666666667,2.42857142857143,'No Data',1.41666666666667
Kirby Dach,1.66019417475728,2,1.23809523809524,1.68316831683168
Kaiden Guhle,1.0952380952381,1.4,1.5,1.1304347826087
Justin Barron,1.11111111111111,1.19354838709677,'No Data',1.5
Oliver Ekman-Larsson,2.28348214285714,2.29333333333333,2.2039911308204,2.60606060606061
Tanner Pearson,1.9,2.03389830508475,2,2.04983388704319
Tucker Poolman,0.923076923076923,1.17177914110429,1.15277777777778,1
Travis Dermott,0.875,1.09677419354839,0.837209302325581,1.14893617021277
Ethan Bear,1.43333333333333,1.41101694915254,2,1.375
Ilya Mikheyev,2.27659574468085,2.30729166666667,2.82142857142857,4.5
Justin Dowling,0.948979591836735,0,0.782608695652174,0.666666666666667
Spencer Martin,0,24.6315789473684,26.6578947368421,
Jack Rathbone,1.47826086956522,1.28571428571429,'NULL',
Tyler Myers,1.66075388026608,1.67472527472527,1.72413793103448,1.61146496815287
J.T. Miller,1.93295292439372,2.02380952380952,1.9943661971831,1.6875
Phillip Di Giuseppe,1.60280373831776,2.25,1.67289719626168,1.61111111111111
Kyle Burroughs,0.923076923076923,0,0.6,0.944444444444444
Thatcher Demko,28.5060240963855,28.6025641025641,29.8918918918919,30.5
Dakota Joshua,0.913461538461539,0,0.959183673469388,0.888888888888889
Brock Boeser,2.73228346456693,2.5,2.43396226415094,2.72020725388601
Noah Juulsen,1.19047619047619,1.078125,0.857142857142857,1
Anthony Beauvillier,1.97885835095137,2.19767441860465,2.08264462809917,1.91666666666667
Guillaume Brisebois,0.761904761904762,1,0.615384615384615,0.727272727272727
Christian Wolanin,0,1.075,0.921052631578947,1.11764705882353
Conor Garland,2.38666666666667,2.45245901639344,2.375,2.11627906976744
Filip Hronek,1.85901639344262,2.14285714285714,1.82352941176471,1.5
Elias Pettersson,2.49675324675325,2.77777777777778,2.47058823529412,2.05263157894737
Jack Studnicka,0,1.43243243243243,1.16666666666667,1.36842105263158
Sheldon Dries,0.777777777777778,1.26666666666667,1.53571428571429,1
Collin Delia,27,33,27.1914893617021,25.35
Quinn Hughes,1.85714285714286,2.14285714285714,1.8955223880597,1.41025641025641
Vitali Kravtsov,0.333333333333333,1.07407407407407,0.909090909090909,1.6
Vasily Podkolzin,1.35135135135135,1.41071428571429,1.21052631578947,1.5
Nils Aman,0.784313725490196,0,0.923076923076923,1.2
Andrei Kuzmenko,1.859375,2,1.93939393939394,
Carl Hagelin,1.55555555555556,2.00420757363254,2.2,1.96866096866097
John Carlson,2.34896401308615,2.61702127659574,2.1301775147929,2.3644251626898
Alex Ovechkin,4.75780089153046,4.72979041916168,4.71428571428571,4.64830508474576
T.J. Oshie,1.88888888888889,2.05690200210748,2.12637362637363,1.99171842650104
Nicklas Backstrom,24.6923076923077,25.2227602905569,26.8376963350785,25.75
Craig Smith,2.47255369928401,2.14814814814815,2.47101449275362,2.53681710213777
Darcy Kuemper,24.6666666666667,26.1188405797101,26.6833333333333,26.5635359116022
Nick Jensen,1.45161290322581,2,1.53333333333333,1.72727272727273
Nic Dowd,1.03537735849057,1.07272727272727,1.15277777777778,1.4
Matt Irwin,1.57777777777778,1.68131868131868,1.5045871559633,1.36363636363636
Evgeny Kuznetsov,2.15384615384615,2.18947368421053,2.27272727272727,2.0990990990991
Tom Wilson,1.5218045112782,1.52522255192878,1.44067796610169,1.33333333333333
Anthony Mantha,2.48863636363636,2.43689320388349,2.83333333333333,2.41981132075472
Conor Sheary,1.82945736434109,1.76653696498055,1.53571428571429,1.91578947368421
Trevor van Riemsdyk,1.21032504780115,1.16666666666667,1.3625,1.30434782608696
Sonny Milano,1.30278884462151,1.27868852459016,1.35714285714286,1
Dylan Strome,1.65555555555556,1.75516224188791,2.16666666666667,1.98039215686275
Gabriel Carlsson,0.756410256410256,0.5,0.545454545454545,0.970588235294118
Charlie Lindgren,0,25.8727272727273,26.1379310344828,29.8333333333333
Martin Fehervary,0.75,1.27737226277372,1.2463768115942,1.46666666666667
Alexander Alexeyev,0.666666666666667,0,0.833333333333333,1
Rasmus Sandin,0.965277777777778,1.16666666666667,0.838235294117647,0.909090909090909
Joe Snively,1.7,2,'NULL',1.9
Jakub Voracek,2.6351606805293,1.96428571428571,2.37901701323251,2.34065934065934
Zack Kassian,1.2112462006079,1.2106824925816,1.02702702702703,1.125
Patrik Nemeth,0.969450101832994,1.28571428571429,0.932692307692308,1.09166666666667
Travis Boyd,0.928301886792453,0.692307692307692,0.622222222222222,0.962121212121212
Brett Ritchie,1.62169312169312,1.57142857142857,1.88888888888889,1.25
Liam O'Brien,0.779816513761468,0.8,0.866666666666667,1
Josh Brown,0.8,0.25,0.798319327731092,1.02631578947368
Laurent Dauphin,1.25,1.44736842105263,1.04545454545455,1
Nick Schmaltz,1.61835748792271,1.64705882352941,1.82352941176471,1.5625
Christian Fischer,1.54046997389034,1.46666666666667,1.45833333333333,1.64285714285714
Lawson Crouse,0.9375,1.62009803921569,1.76811594202899,1.70792079207921
Karel Vejmelka,34.0769230769231,29.71875,30.4,30.1063829787234
Connor Ingram,0,32.8,37.6666666666667,31.5925925925926
Clayton Keller,1.6875,2.48946135831382,2.19178082191781,2.68269230769231
Juuso Valimaki,0,1.22758620689655,1.2,1.265625
Barrett Hayton,1.63975155279503,1.6125,1.73913043478261,1.16666666666667
Jack McBain,0.111111111111111,0.166666666666667,'NULL',
Ivan Prosvetov,24.5714285714286,0,39,31
Victor Soderstrom,1.02857142857143,1.85714285714286,1,1.16666666666667
Matias Maccelli,0.833333333333333,1,0.571428571428571,0.838709677419355
Connor Mackey,0.791666666666667,0.6,0.785714285714286,'NULL'
Jonathan Bernier,26.3366336633663,27.0657894736842,'No Data',31.5714285714286
Mackenzie Blackwood,27.1020408163265,28.1,'No Data',31
Brendan Smith,1.21311475409836,'No Data',1.66666666666667,
Tomas Tatar,1.95348837209302,2.09647979139505,2.125,'No Data'
Erik Haula,1.72166666666667,1.73214285714286,'No Data',1.52173913043478
Ondrej Palat,1.8821752265861,'No Data',1.9469696969697,
Dougie Hamilton,2.84897959183673,2.62068965517241,2.64963503649635,'No Data'
Damon Severson,1.51785714285714,1.62282091917591,'No Data',1.57894736842105
Miles Wood,2.19181585677749,2.125,2.03333333333333,'No Data'
Ryan Graves,0.8,1.68292682926829,'No Data',1.5
Curtis Lazar,1.10913140311804,'No Data',1.17721518987342,1.05555555555556
Vitek Vanecek,24.1818181818182,25.8095238095238,'No Data',22.5
Jonas Siegenthaler,0.9625,1.16666666666667,'No Data',1.07692307692308
Timo Meier,3,3.28728070175439,'No Data',3.12
John Marino,1.10504201680672,'No Data',1.8,1
Jesper Bratt,1.98214285714286,2.0402144772118,2.125,'No Data'
Nathan Bastian,1.35220125786164,3,'No Data',1.65625
Michael McLeod,0.5,1.06140350877193,'No Data',1.07547169811321
Nico Hischier,1.63636363636364,2.37808219178082,2.27272727272727,'No Data'
Jesper Boqvist,0.333333333333333,1.13714285714286,'No Data',1.04
Kevin Bahl,0.673076923076923,0.285714285714286,'No Data',
Akira Schmid,0,19.75,19.45,'No Data'
Yegor Sharangovich,2.72727272727273,2.0261780104712,3,'No Data'
Dawson Mercer,1.93243243243243,2,2.76190476190476,'No Data'
Michael Stone,1.68478260869565,1.58545454545455,1.50359712230216,1
Trevor Lewis,1.75632183908046,1.70581527936146,1.53061224489796,1.61494252873563
Milan Lucic,1.54137931034483,1.52702702702703,1.82857142857143,1.50684931506849
Mikael Backlund,2.40985442329227,2.33333333333333,2.52147239263804,2.37694013303769
Nazem Kadri,2.61124694376528,2.69975186104218,2.89285714285714,2.74820143884892
Chris Tanev,0.826516220028209,0.9,0.777464788732394,0.8515625
Tyler Toffoli,2.71309192200557,2.73955431754875,3.02857142857143,2.58333333333333
Blake Coleman,1.90697674418605,2.40311804008909,3,2.5067264573991
Jonathan Huberdeau,2.28571428571429,2,2.04972375690608,2.52142857142857
MacKenzie Weegar,1.68062827225131,1.7258064516129,1.7887323943662,1.57142857142857
Elias Lindholm,1.92481203007519,2.16758241758242,2.61904761904762,2.08241758241758
Nikita Zadorov,1.18115942028986,1.19926199261993,1.41176470588235,1.37037037037037
Nick Ritchie,1.8452380952381,1.72435897435897,1.76763485477178,1.8
Andrew Mangiapane,1.51785714285714,1.85321100917431,1.89570552147239,1.83333333333333
Noah Hanifin,1.82332761578045,1.83,1.79522184300341,1.83333333333333
Rasmus Andersson,1.74033149171271,2.2,1.53225806451613,1.79558011049724
Dan Vladar,25.9090909090909,27.6666666666667,14.5,23.8076923076923
Dennis Gilbert,0.558139534883721,0,0.333333333333333,0.645161290322581
Dillon Dube,1.59550561797753,1.43382352941176,1.875,1.81081081081081
Troy Stecher,1.36705882352941,1.51351351351351,1.44594594594595,1.46666666666667
Adam Ruzicka,1.31944444444444,1.35897435897436,1.33333333333333,1
Jakob Pelletier,1,2,2.33333333333333,1.8
Walker Duehr,1.375,4,1,1.25
Cam Atkinson,2.99714285714286,3,'No Data',2.81208053691275
Ryan Ellis,1.8886925795053,'No Data',1.57142857142857,1.87037037037037
Sean Couturier,1.85714285714286,2.1872399445215,2.09558823529412,'No Data'
Travis Konecny,2.33333333333333,2.11111111111111,'No Data',2.2875
Justin Braun,1.30059880239521,'No Data',1.16666666666667,1.36196319018405
James van Riemsdyk,2.67424242424242,2,'No Data',2.67307692307692
Nicolas Deslauriers,1.19607843137255,1.06468531468531,'No Data',1.47368421052632
Kevin Hayes,1.8859649122807,2.13106796116505,2,'No Data'
Nick Seeler,0.90521327014218,0.583333333333333,0.166666666666667,'No Data'
Scott Laughton,1.59840954274354,'No Data',1.63888888888889,1
Rasmus Ristolainen,1.92353823088456,2.1875,'No Data',1.22222222222222
Travis Sanheim,1.535,'No Data',1.875,1.38805970149254
Brendan Lemieux,0.8,1.15444015444015,'No Data',1.40540540540541
Felix Sandstrom,0,26.7058823529412,'No Data',28
Ivan Provorov,1.44444444444444,2.05426356589147,2.31034482758621,'No Data'
Wade Allison,1.51666666666667,2,'No Data',
Kieffer Bellows,1.55681818181818,2,'No Data',1.3125
Carter Hart,26.5515463917526,27.3529411764706,'No Data',37
Tanner Laczynski,0.793103448275862,0.75,'No Data',
Owen Tippett,1.5,2.30113636363636,3.125,'No Data'
Morgan Frost,1.66197183098592,1.4,'No Data',1.5
Noah Cates,0,1.25609756097561,'No Data',1.66666666666667
Joel Farabee,1.83474576271186,'No Data',1.82051282051282,1.75
Samuel Ersson,0,'No Data',23.9,
Cam York,0.873239436619718,0,'No Data',0.75
Tyson Foerster,1,'No Data',,
Mark Stone,'NULL',2.16095890410959,2,2.04878048780488
Laurent Brossoit,24.2752293577982,26,19.1818181818182,'NULL'
Nolan Patrick,'NULL',1.46396396396396,1.38461538461538,
Logan Thompson,0,25.4,27.1607142857143,'NULL'
Jonathan Quick,24.5040214477212,27.9444444444444,'NULL',23.5066666666667
Phil Kessel,3.01923076923077,2.98290598290598,3.00944138473643,'NULL'
Alec Martinez,'NULL',1.4392523364486,1.57142857142857,1.375
Alex Pietrangelo,'NULL',2.44076840981857,2.77777777777778,2.6
Brayden McNabb,'NULL',1.07153965785381,1.1505376344086,1.11111111111111
Reilly Smith,'NULL',1.8,2.13147410358566,1.96
William Karlsson,'NULL',1.84333333333333,2.05555555555556,1.90654205607477
Chandler Stephenson,0.25,0,'NULL',
Teddy Blueger,'NULL',1.34765625,1.14893617021277,1.5625
Ben Hutton,1.64383561643836,1.61220043572985,1.9,'NULL'
Shea Theodore,'NULL',2.57918552036199,3.44444444444444,2.68831168831169
William Carrier,1.67441860465116,1.57486631016043,1.5,'NULL'
Ivan Barbashev,0.909090909090909,1.10047846889952,1.5,'NULL'
Michael Amadio,0.6,1.18085106382979,0.878048780487805,'NULL'
Jack Eichel,3.65432098765432,3.55507559395248,4,'NULL'
Keegan Kolesar,0,1.05376344086022,0.972972972972973,'NULL'
Nicolas Roy,0.75,1.46082949308756,1.42857142857143,'NULL'
Adin Hill,24.2673267326733,28.3333333333333,22,'NULL'
Brett Howden,0.928301886792453,0.692307692307692,0.681818181818182,'NULL'
Nicolas Hague,'NULL',1.59134615384615,1.96969696969697,1.75
Jiri Patera,0,30,'NULL',
Zach Whitecloud,0.952380952380952,1.16184971098266,1.33333333333333,'NULL'
Paul Cotter,0.857142857142857,1.4,2,'NULL'
Pavel Dorofeyev,'NULL',1.66666666666667,4,
Max Pacioretty,3.10714285714286,3.3719298245614,3.53427895981087,3.59259259259259
Ondrej Kase,1.7,2.26356589147287,2.14285714285714,2.30232558139535
Brent Burns,2.7629179331307,3.66666666666667,2.84036144578313,2.575
Paul Stastny,1.95652173913043,2.04049295774648,2,2.02982456140351
Jordan Staal,2.030276816609,2.53846153846154,2.02941176470588,2.05442176870748
Derek Stepan,1.72727272727273,2.26971428571429,2.22147651006711,2.3587962962963
Calvin de Haan,1.37347294938918,1.23655913978495,1.07142857142857,1.44827586206897
Jesper Fast,0.538461538461538,1.02936378466558,1.09210526315789,0.961538461538462
Frederik Andersen,26.9300411522634,25.04,26.8955223880597,26.3529411764706
Stefan Noesen,1.62081784386617,1.66037735849057,1,1.7007299270073
Brady Skjei,1.97683397683398,1.916015625,1.6,1.94252873563218
Teuvo Teravainen,2.41580756013746,2.25961538461538,2.2065404475043,2.05882352941176
Shayne Gostisbehere,2.27027027027027,1.66666666666667,2.28214971209213,2.54347826086957
Jordan Martinook,1.47047970479705,1.55471698113208,1.31958762886598,1.57142857142857
Jaccob Slavin,1.7636684303351,2,1.73214285714286,1.76923076923077
Antti Raanta,24.7751004016064,17.2857142857143,26.75,25.4758064516129
Brett Pesce,1.55,1.59574468085106,1.65454545454545,1
Sebastian Aho,2.67777777777778,2.81113320079523,2.72727272727273,2.78486055776892
Jalen Chatfield,0.333333333333333,1.21875,1.06382978723404,1.91666666666667
Jesse Puljujarvi,1.87460815047022,2.83333333333333,1.975,1.9375
Dylan Coghlan,1.60576923076923,1.50980392156863,4.66666666666667,1.84615384615385
Martin Necas,2.19512195121951,2.11194029850746,2.33333333333333,2.15789473684211
Jesperi Kotkaniemi,1.48675496688742,1.53333333333333,1.30769230769231,1.40251572327044
Andrei Svechnikov,2.90697674418605,2.80403458213256,3.71428571428571,2.57142857142857
Jack Drury,1.65217391304348,2.1,1,'NULL'
Pyotr Kochetkov,19.5,19,22.8333333333333,22.6666666666667
Seth Jarvis,1.91729323308271,2.66666666666667,1.92537313432836,1.52631578947368
Oliver Wahlstrom,2.04968944099379,2,2.16867469879518,2.03225806451613
Zach Parise,3.01345291479821,2.9,3.05785123966942,3.05183946488294
Cal Clutterbuck,1.63636363636364,2.03225806451613,1.63687150837989,1.5
Semyon Varlamov,1.57142857142857,2,1.67647058823529,
Josh Bailey,1.50997150997151,1.43785850860421,1.3,1.63636363636364
Matt Martin,0.697368421052632,1,0.85,0.6875
Kyle Palmieri,2.48618784530387,2.39473684210526,2.2,2.52413793103448
Casey Cizikas,1.2202462380301,1.18559556786704,1.16666666666667,1.29411764705882
Anders Lee,2.51204819277108,2.86666666666667,2.40336134453781,2.33734939759036
Brock Nelson,2.0510752688172,2.1989247311828,2,2.1496062992126
Jean-Gabriel Pageau,1.81511254019293,1.72964169381108,1.94594594594595,1.61538461538462
Scott Mayfield,1.36473429951691,1.28333333333333,1.33495145631068,1.2
Adam Pelech,1.31775700934579,1.27441860465116,1.425,1.1
Hudson Fasching,0.931506849315069,1,0.717948717948718,1.125
Bo Horvat,1.96428571428571,2.32810047095761,2.3125,2.26100628930818
Ryan Pulock,0.857142857142857,2.13285024154589,2.5125,2.07042253521127
Ilya Sorokin,25,26.6666666666667,27.7073170731707,28.2857142857143
Pierre Engvall,1.64285714285714,1.7,2.6,1.58333333333333
Mathew Barzal,1.625,2.27142857142857,2.08064516129032,2.17703349282297
Parker Wotherspoon,0.833333333333333,'NULL',0.5,
Otto Koivula,0.607142857142857,0,0.5,
Sebastian Aho,2.67777777777778,2.81113320079523,2.54545454545455,2.83730158730159
Noah Dobson,1.86238532110092,2.10714285714286,2,2.19354838709677
Alexander Romanov,0.333333333333333,1.34,1.38383838383838,1.61290322580645
Simon Holmstrom,0.675,1,0.470588235294118,0.5
Alexander Edler,1.8,2.07933398628795,2.27272727272727,2.06470588235294
Anze Kopitar,2.28506787330317,2.40250587314017,2,2.44984326018809
Drew Doughty,1.73913043478261,2.10925925925926,2.02604166666667,2.09479553903346
Phillip Danault,1.78996282527881,1.82089552238806,1.97619047619048,1.61538461538462
Joonas Korpisalo,24.8157894736842,25.6,26.1415094339623,28.8181818181818
Pheonix Copley,24.016393442623,24.2,21,24.5925925925926
Kevin Fiala,1.54545454545455,2.65567010309278,2.6144578313253,2.83057851239669
Adrian Kempe,2.17067833698031,2.22222222222222,2.16157205240175,2.03614457831325
Viktor Arvidsson,3.14285714285714,2.9551656920078,2.36363636363636,2.95785440613027
Vladislav Gavrikov,1.16475095785441,2.5,1.08108108108108,1.04444444444444
Matt Roy,0.893939393939394,1,0.689655172413793,1.66666666666667
Carl Grundstrom,0.5,1.47953216374269,1.51162790697674,1.4047619047619
Trevor Moore,1.5,2.02016129032258,2,1.93181818181818
Zack MacEwen,1.18823529411765,1.10614525139665,1.57142857142857,1.15625
Jaret Anderson-Dolan,0.5,1.10752688172043,1,0.977272727272727
Mikey Anderson,1.46780551905388,1.52755905511811,1.13157894736842,1.35114503816794
Gabriel Vilardi,1.61643835616438,4,1.88157894736842,1.52941176470588
Alex Iafallo,1.66666666666667,2.09135802469136,2.07,1.78787878787879
Sean Walker,1.70454545454545,2,1.7843137254902,1.59375
Sean Durzi,1.86666666666667,1.72222222222222,2,1.84210526315789
Rasmus Kupari,0.826086956521739,0,1.11111111111111,0.885245901639344
Blake Lizotte,1.08108108108108,1.25819672131148,1.19354838709677,1.8
Arthur Kaliyev,1.33333333333333,2.304,2.72222222222222,2.30645161290323
Jordan Spence,1.60714285714286,1.53333333333333,'NULL',1.46153846153846
Quinton Byfield,0.952380952380952,1.1547619047619,1.33333333333333,1.25
Corey Perry,2.3915857605178,2.62268704746581,3,2.66371681415929
Brian Elliott,24.2945454545455,20.3529411764706,23.0631578947368,23.817843866171
Alex Killorn,1.96962025316456,1.8756345177665,1.91666666666667,
Ian Cole,0.952380952380952,1.08038147138965,1.05194805194805,1.03783783783784
Pat Maroon,1.47237569060773,1.48391608391608,1.25581395348837,1.83333333333333
Steven Stamkos,3.23076923076923,2.96685082872928,3.07178968655207,2.86734693877551
Zach Bogosian,1.78120978120978,2.15189873417721,1.65671641791045,1.72
Victor Hedman,1.78787878787879,2.121875,2.09944751381215,2.06852248394004
Nikita Kucherov,3.22330097087379,2.97138314785374,3.61111111111111,2.89490445859873
Andrei Vasilevskiy,0.9375,1.5,1.42857142857143,0
Nicholas Paul,1.75079872204473,1.47169811320755,1.68831168831169,1.8
Pierre-Edouard Bellemare,1.18238021638331,1.08307692307692,1.2952380952381,1.05
Haydn Fleury,0.5,1.28215767634855,1.23387096774194,1.34090909090909
Brayden Point,2.45569620253165,2.43595041322314,2.71428571428571,2.44705882352941
Darren Raddysh,0.75,1,'No Data',1.66666666666667
Erik Cernak,1.66077738515901,2.25,1.47552447552448,1.64
Anthony Cirelli,1.69526627218935,1.34285714285714,1.66666666666667,1.59756097560976
Mikhail Sergachev,1.79859484777518,1.87142857142857,1.63636363636364,1.84834123222749
Ross Colton,1.89714285714286,1.92941176470588,1.66666666666667,1
Brandon Hagel,1.82233502538071,3,1.67032967032967,1.68571428571429
Michael Eyssimont,2.5,2.14285714285714,2.3695652173913,3
Tanner Jeannot,1.4875,1.28571428571429,1.41333333333333,1.25
Nick Perbix,1.64285714285714,'No Data',1.47826086956522,1.57142857142857
Ryan Murray,0.925842696629214,1,0.841269841269841,1.04824561403509
Evander Kane,3.64516129032258,3.76832151300236,3.54773269689737,4.06622516556291
Mattias Ekholm,1.62758620689655,2.16666666666667,1.76744186046512,1.72802197802198
Nick Bjugstad,2.33445945945946,2.23548922056385,2.68,2.36065573770492
Zach Hyman,2.38912133891213,2.37782340862423,2.26923076923077,2.38297872340426
Jack Campbell,24.1232876712329,25.688622754491,26.7777777777778,21.4
Ryan Nugent-Hopkins,2.37531806615776,2.61904761904762,2.43939393939394,2.41581632653061
Cody Ceci,1.64285714285714,1.47982708933718,1.4,1.43768115942029
Devin Shore,0.933333333333333,1.11111111111111,1.11557788944724,1.12658227848101
Brett Kulak,1.35660847880299,1.50769230769231,1.61904761904762,1.38805970149254
Darnell Nurse,2.36764705882353,3.05,2.40441176470588,2.17708333333333
Leon Draisaitl,2.58585858585859,2.63402889245586,2.80952380952381,2.64951768488746
Warren Foegele,1.81366459627329,1.70059880239521,1.875,1.25
Connor McDavid,3.85714285714286,3.20408163265306,3.49275362318841,3.40794223826715
Derek Ryan,0.882352941176471,1.24536082474227,1.19087136929461,1.31111111111111
Vincent Desharnais,0.363636363636364,0,0.166666666666667,0.25
Stuart Skinner,26.5,27.9622641509434,28.8846153846154,29
Kailer Yamamoto,1.45414847161572,2.08333333333333,1.54700854700855,1.84615384615385
Klim Kostin,0.909090909090909,0.5,0.6,0.875
Ryan McLeod,1.16296296296296,2,1.38095238095238,1.296875
Evan Bouchard,2.28994082840237,2.33333333333333,2.52380952380952,2.4047619047619
Philip Broberg,0.901639344262295,0,1.75,0.78125
Ryan Poehling,1.34146341463415,2.5,1.3728813559322,1.16666666666667
Jeff Carter,3.3,3.11678832116788,3.11016949152542,3.24837662337662
Evgeni Malkin,3.13333333333333,3.28484848484848,3.2836676217765,3.3965844402277
Sidney Crosby,3.35555555555556,3.18568994889267,3.35746606334842,3.31452991452991
Kris Letang,2.59259259259259,2.59858442871587,2.2,2.71486761710794
Jeff Petry,1.65734265734266,1.84056271981243,1.88,1.625
Nick Bonino,1.55893074119077,1.65771812080537,1.73913043478261,1.78947368421053
Dmitry Kulikov,1.24825986078886,1.17931034482759,1.31410256410256,1.42424242424242
Brian Dumoulin,1.17547169811321,1.1635687732342,1.20833333333333,1.07142857142857
Jason Zucker,2.40506329113924,2.30392156862745,2.64705882352941,2.35313531353135
Mikael Granlund,1.86103542234332,1.91081081081081,1.51162790697674,1.52941176470588
Bryan Rust,2.468,2.24050632911392,2.30674846625767,2
Josh Archibald,1.13103448275862,1.15277777777778,1.1875,1
Rickard Rakell,2.70440251572327,2.53858267716535,2.28571428571429,2.57142857142857
Chad Ruhwedel,1.17549668874172,1.27586206896552,1.18493150684932,1.92307692307692
Jake Guentzel,2.65822784810127,2.75514874141876,2.83333333333333,2.78280542986425
Tristan Jarry,26.4375,27.7692307692308,26.7164948453608,27
Marcus Pettersson,0.777777777777778,1.11731843575419,1.07142857142857,1.09090909090909
Danton Heinen,1.63659147869674,1.56923076923077,1.505,1.23529411764706
Casey DeSmith,32,26.578125,27.3666666666667,23.047619047619
Alex Nylander,1.37931034482759,1.57894736842105,1.37777777777778,1.33333333333333
Pierre-Olivier Joseph,1.35135135135135,1.49367088607595,1,
Drew O'Connor,0,1.46875,1.47058823529412,1.28571428571429
Mark Borowiecki,0.801310043668122,0.807692307692308,0.86864406779661,0.753846153846154
Filip Forsberg,3.33333333333333,2.76923076923077,3.01623376623377,3.15483870967742
Ryan McDonagh,1.58095238095238,1.72955974842767,1.8,1.51442307692308
Roman Josi,2.87769784172662,2.93082524271845,2.6,2.94976076555024
Matt Duchene,2.61224489795918,2.45867768595041,2.64864864864865,2.43292682926829
Tyson Barrie,2.29770992366412,2.20666666666667,2.31578947368421,2.31043956043956
Ryan Johansen,1.8978622327791,1.88652482269504,1.70198675496689,1.81818181818182
Kevin Gravel,1.07317073170732,1.83333333333333,1.15789473684211,1
Mark Jankowski,0.625,1.11842105263158,1.13986013986014,1.29411764705882
Colton Sissons,0.75,1.10211946050096,1.06896551724138,1.20952380952381
Juuse Saros,24.6666666666667,27.5147058823529,28.0073800738007,28.5813953488372
Jeremy Lauzon,1.10050251256281,1.16,1.16666666666667,1.01041666666667
Yakov Trenin,1.63414634146341,1.91891891891892,1.875,1.47252747252747
Alexandre Carrier,1.24305555555556,1.15942028985507,1.60714285714286,1
Rasmus Asplund,1.42261904761905,1.45121951219512,1.6,1.04761904761905
Dante Fabbro,1.37872340425532,1.56198347107438,1.09090909090909,1.25
Cal Foote,0.959349593495935,0.9,0.927272727272727,1.25925925925926
Cody Glass,0.5,1.3984375,1.47826086956522,1.33333333333333
Kiefer Sherwood,0.5,1.26732673267327,1.08,1.84210526315789
Kevin Lankinen,29.8333333333333,29.775,28.6190476190476,29.6666666666667
Philip Tomasino,1.72093023255814,1.52808988764045,1.31578947368421,1.5
Egor Afanasyev,'NULL',1.5,,
Juuso Parssinen,'NULL',1.11904761904762,3,1.08695652173913
Cole Smith,'NULL',1,,
Luke Evangelista,2,'NULL',2.33333333333333,2.4
Jaroslav Halak,25.8385416666667,'NULL',25.6057692307692,23.3461538461538
Patrick Kane,3.45,3.265625,3.32847341337907,'NULL'
Chris Kreider,'NULL',2.4044630404463,2.27027027027027,2.07142857142857
Vladimir Tarasenko,3.38461538461538,'NULL',3.17147192716237,3.36190476190476
Vincent Trocheck,'NULL',2.57971014492754,2.95,2.28099173553719
Mika Zibanejad,'NULL',2.62183754993342,3,2.47260273972603
Barclay Goodrow,0.846153846153846,1.22268907563025,'NULL',1.15853658536585
Jacob Trouba,1.75,2.20060331825038,'NULL',1.81081081081081
Jimmy Vesey,0.6,'NULL',1,
Tyler Motte,1.51428571428571,2.5,'NULL',1.53846153846154
Ben Harpur,0.827956989247312,0.75,'NULL',0.981818181818182
Igor Shesterkin,27.2857142857143,'NULL',27.6598639455782,28.5714285714286
Artemi Panarin,'NULL',2.56620209059233,2.19230769230769,2.41836734693878
Niko Mikkola,0.896103896103896,0.75,0.714285714285714,'NULL'
Adam Fox,1.94052044609665,1.78571428571429,'NULL',1.625
Ryan Lindgren,1.04382470119522,'NULL',1.23076923076923,1.24324324324324
Filip Chytil,1.95819935691318,2.38888888888889,'NULL',1.8
K'Andre Miller,1.26767676767677,1.08823529411765,'NULL',1.30769230769231
Kaapo Kakko,1.5695067264574,1.61538461538462,1.64285714285714,'NULL'
Braden Schneider,0.851851851851852,1.5,'NULL',0.7
Alexis Lafreni�re,1.455,'NULL',1.69230769230769,1.24324324324324
Michael Rasmussen,1.47899159663866,1.32432432432432,1.43589743589744,1.11111111111111
David Perron,1.94642857142857,2.14629451395573,2.11475409836066,2.13152804642166
Alex Chiasson,1.43613707165109,1.41666666666667,1.33913043478261,1.69565217391304
Ben Chiarot,0.909090909090909,1.41081081081081,1.38768115942029,1.375
Magnus Hellberg,0,33.5,21.1666666666667,24.8333333333333
Olli Maatta,1.30872483221477,2,1.23263888888889,1.27848101265823
Dominik Kubalik,1.89473684210526,2.31086142322097,2.64705882352941,2.31386861313869
Andrew Copp,0.92,1.49726775956284,1.41328413284133,1.30693069306931
Adam Erne,1.24489795918367,1.35211267605634,1.17283950617284,1.25
Robert Hagg,0.862745098039216,1.03067484662577,0.94478527607362,1.2
Jordan Oesterle,1.2,1.24556213017751,1.26470588235294,1.11111111111111
Dylan Larkin,3.03296703296703,2.96836555360281,3.5,2.97090909090909
Robby Fabbri,1.825,1.74242424242424,1.69934640522876,1.73684210526316
Jake Walman,1.98373983739837,2.1304347826087,1.83582089552239,1
Ville Husso,26.875,26.9238095238095,26.8947368421053,29.6666666666667
Austin Czarnik,0.904761904761905,1.13461538461538,1.03846153846154,1.75
Matt Luff,1.26595744680851,1.39583333333333,1.54545454545455,1
Gustav Lindstrom,0.616666666666667,0,0.285714285714286,0.614035087719298
Pius Suter,1.79,2,1.66666666666667,1.52941176470588
Joe Veleno,0.666666666666667,1.11029411764706,1.16666666666667,1.25
Filip Zadina,1.9,2.01621621621622,2.28205128205128,2.04545454545455
Moritz Seider,1.66666666666667,2,2.25,1.83783783783784
Lucas Raymond,2.5,1.81159420289855,2.07142857142857,2
Anton Forsberg,26.8507462686567,26.6076923076923,27.1818181818182,30.75
Josh Norris,1.2,2.19548872180451,2.11111111111111,2.07462686567164
Claude Giroux,2.59317343173432,2.68421052631579,2.48884758364312,2.65174129353234
Derick Brassard,1.91932270916335,2.13333333333333,1.80816326530612,1.87078651685393
Nick Holden,1.1850699844479,1.12225705329154,1.22549019607843,1.0952380952381
Travis Hamonic,1.79081632653061,1.7172236503856,1.875,1.81528662420382
Cam Talbot,27.2057416267943,26.7943925233645,27.9875,28
Austin Watson,1.1701244813278,1.17910447761194,1.08695652173913,1.05882352941176
Thomas Chabot,2.45187165775401,2.4375,2.23728813559322,2.19148936170213
Mathieu Joseph,0.833333333333333,1.17562724014337,1.20143884892086,1.4
Julien Gauthier,1.1448275862069,1.18571428571429,1.21428571428571,1.25
Alex DeBrincat,2.7536231884058,2.87557603686636,3.23076923076923,2.81192660550459
Jakob Chychrun,2.46315789473684,2.37203166226913,2,2.28985507246377
Dylan Gambrell,0.853881278538813,0.833333333333333,0.84070796460177,0.977272727272727
Erik Brannstrom,1.2816091954023,2,1.6,1.19318181818182
Drake Batherson,1.33333333333333,2.21327014218009,2.42857142857143,2.05940594059406
Mark Kastelic,0.875,1.02941176470588,1.16666666666667,1
Parker Kelly,1.11111111111111,1.11340206185567,3,1.4
Brady Tkachuk,3.8,3.63157894736842,3.64139941690962,3.75471698113208
Kevin Mandolese,0,34,36.3333333333333,
Mads Sogaard,25.4,3,23.3333333333333,23.5454545454545
Shane Pinto,0,1.63855421686747,2.16666666666667,1.53658536585366
Jake Sanderson,1.7741935483871,1.57377049180328,1.33333333333333,1
Artem Zub,0.96969696969697,0.666666666666667,0.911764705882353,0.975609756097561
Markus Nutivaara,1.22181818181818,1.2093023255814,1.33812949640288,1.83333333333333
Luke Kunin,1.78014184397163,1.81506849315069,1.80555555555556,1.41666666666667
Jonah Gadjovich,0.860759493670886,1,0.925,1.2
Marc-Edouard Vlasic,1.29302325581395,1.30480847595762,1.25245901639344,1.66666666666667
James Reimer,26.3626373626374,26.7109207708779,26.7333333333333,26.8251121076233
Logan Couture,2.74561403508772,2.32,2.71348314606742,2.79295154185022
Erik Karlsson,2.80110497237569,3.60869565217391,2.92461197339246,2.98
Tomas Hertl,2.2788906009245,2,2.34920634920635,2.33644859813084
Derrick Pouliot,1.10185185185185,1.30434782608696,1.07476635514019,1.85714285714286
Matt Benning,0.882352941176471,1.07656612529002,1.07142857142857,1.11574074074074
Andreas Johnsson,1.64705882352941,1.55357142857143,1.77862595419847,1.42857142857143
Kaapo Kahkonen,24,24.1111111111111,26.6736842105263,27.3333333333333
Oskar Lindblom,1.58841463414634,1.63076923076923,1.62275449101796,1.16666666666667
Kevin Labanc,1.90887290167866,2.28571428571429,2,1.94711538461538
Evgeny Svechnikov,0.666666666666667,1.1280487804878,0.928571428571429,0.975903614457831
Steven Lorentz,0.8,1.14124293785311,1.1123595505618,1.12903225806452
Noah Gregor,1.68181818181818,2.04907975460123,2.07407407407407,4
Jacob MacDonald,0.75,'NULL',,
Mario Ferraro,0.953586497890295,0.8,0.991596638655462,1.28
Radim Simek,0.849246231155779,1.5,0.948453608247423,1.15625
Fabian Zetterlund,1.96969696969697,3.5,1.83333333333333,1.78125
Nico Sturm,0,1.41361256544503,1.35106382978723,1.25714285714286
Nikolai Knyzhov,0.873015873015873,0.625,'NULL',0.935483870967742
Alexander Barabanov,0.5,1.54545454545455,1.48051948051948,1.61904761904762
William Eklund,1.85714285714286,1.21428571428571,'NULL',1.8
Ryan Suter,1.67871485943775,1.66740905716407,1.65967016491754,1.80701754385965
Joe Pavelski,2.67647058823529,2.82105263157895,2.91525423728814,2.86666666666667
Jamie Benn,2.43897637795276,2.66600985221675,2.72222222222222,2.88172043010753
Evgenii Dadonov,1.91025641025641,2.09978768577495,2.40909090909091,2.02586206896552
Tyler Seguin,3.39189189189189,3.35505617977528,4,3.16778523489933
Scott Wedgewood,33.6666666666667,10,27.9789473684211,29.1020408163265
Jani Hakanp��,0.92822966507177,0.75,0.821782178217822,1.11904761904762
Colin Miller,1.73731343283582,1.6,1.64705882352941,1.63636363636364
Luke Glendening,1.25433526011561,1.1849710982659,1.22881355932203,1.64705882352941
Radek Faksa,1.45272727272727,1.36496350364964,1.4375,1.70408163265306
Esa Lindell,1.5952380952381,1.57988165680473,2.46153846153846,1.48809523809524
Max Domi,1.91919191919192,2.04063604240283,2,1.91489361702128
Joel Hanley,0.604166666666667,0.666666666666667,0.675675675675676,0.647887323943662
Fredrik Olofsson,0,1.22727272727273,1.46153846153846,1.2
Roope Hintz,2.29054054054054,2.2751677852349,2.28571428571429,2.43137254901961
Mason Marchment,1,2.0379746835443,2.18918918918919,2.2125
Jake Oettinger,25.2734375,26.5178571428571,19.3333333333333,25.1851851851852
Jason Robertson,3.23684210526316,2.96875,2.75,3.15897435897436
Miro Heiskanen,2.69565217391304,2.35693215339233,3,2.26347305389221
Ty Dellandrea,0,1.11702127659574,0.886363636363636,1.4375
Nils Lundkvist,0.75,1.51219512195122,2,1.5
Joel Kiviranta,1.19047619047619,1.19463087248322,1.15853658536585,1.5
Wyatt Johnston,1.8955223880597,2,2.14285714285714,1.75757575757576
Matt Murray,1.17241379310345,1.2824427480916,1,1.5
